time,A,B,C,D,total
10:00:00,1.0,0.0,0.0,0.0,1.0
10:00:01,1.0,0.0,1.0,1.0,3.0
10:00:02,1.0,0.0,1.0,1.0,3.0
10:00:03,1.0,0.0,1.0,1.0,3.0
10:00:04,1.0,0.0,1.0,1.0,3.0
10:00:05,1.0,0.0,2.0,1.0,4.0
10:00:06,2.0,0.0,4.0,1.0,7.0
10:00:07,2.0,0.0,4.0,2.0,8.0
10:00:08,2.0,0.0,5.0,2.0,9.0
10:00:09,2.0,0.0,6.0,2.0,10.0
10:00:10,3.0,0.0,7.0,2.0,12.0
10:00:11,2.0,0.0,8.0,2.0,12.0
10:00:12,1.0,0.0,9.0,4.0,14.0
10:00:13,1.0,0.0,10.0,4.0,15.0
10:00:14,1.0,0.0,11.0,4.0,16.0
10:00:15,1.0,0.0,11.0,4.0,16.0
10:00:16,0.0,0.0,12.0,3.0,15.0
10:00:17,0.0,0.0,11.0,4.0,15.0
10:00:18,0.0,0.0,13.0,3.0,16.0
10:00:19,0.0,0.0,14.0,3.0,17.0
10:00:20,0.0,0.0,13.0,4.0,17.0
10:00:21,0.0,0.0,13.0,5.0,18.0
10:00:22,0.0,0.0,13.0,5.0,18.0
10:00:23,0.0,0.0,12.0,6.0,18.0
10:00:24,1.0,0.0,12.0,6.0,19.0
10:00:25,2.0,0.0,11.0,7.0,20.0
10:00:26,2.0,1.0,11.0,8.0,22.0
10:00:27,2.0,1.0,11.0,8.0,22.0
10:00:28,2.0,1.0,11.0,8.0,22.0
10:00:29,3.0,2.0,11.0,8.0,24.0
10:00:30,3.0,2.0,10.0,8.0,23.0
10:00:31,3.0,2.0,10.0,8.0,23.0
10:00:32,2.0,2.0,11.0,8.0,23.0
10:00:33,4.0,2.0,11.0,7.0,24.0
10:00:34,4.0,2.0,12.0,7.0,25.0
10:00:35,4.0,2.0,13.0,7.0,26.0
10:00:36,4.0,2.0,13.0,7.0,26.0
10:00:37,4.0,2.0,13.0,7.0,26.0
10:00:38,5.0,2.0,15.0,7.0,29.0
10:00:39,5.0,2.0,15.0,7.0,29.0
10:00:40,5.0,2.0,15.0,8.0,30.0
10:00:41,5.0,2.0,15.0,8.0,30.0
10:00:42,5.0,2.0,15.0,8.0,30.0
10:00:43,5.0,2.0,14.0,10.0,31.0
10:00:44,6.0,2.0,12.0,11.0,31.0
10:00:45,6.0,3.0,13.0,10.0,32.0
10:00:46,6.0,4.0,12.0,10.0,32.0
10:00:47,6.0,4.0,13.0,10.0,33.0
10:00:48,6.0,3.0,14.0,10.0,33.0
10:00:49,6.0,3.0,14.0,10.0,33.0
10:00:50,6.0,3.0,15.0,10.0,34.0
10:00:51,7.0,3.0,15.0,10.0,35.0
10:00:52,8.0,3.0,16.0,11.0,38.0
10:00:53,10.0,3.0,16.0,11.0,40.0
10:00:54,8.0,4.0,16.0,12.0,40.0
10:00:55,8.0,4.0,17.0,13.0,42.0
10:00:56,8.0,4.0,17.0,13.0,42.0
10:00:57,6.0,5.0,21.0,13.0,45.0
10:00:58,6.0,5.0,23.0,13.0,47.0
10:00:59,6.0,5.0,23.0,13.0,47.0
10:01:00,6.0,5.0,22.0,14.0,47.0
10:01:01,6.0,5.0,23.0,14.0,48.0
10:01:02,7.0,5.0,23.0,16.0,51.0
10:01:03,7.0,5.0,23.0,16.0,51.0
10:01:04,7.0,5.0,23.0,17.0,52.0
10:01:05,7.0,5.0,23.0,16.0,51.0
10:01:06,8.0,5.0,23.0,16.0,52.0
10:01:07,9.0,5.0,19.0,17.0,50.0
10:01:08,9.0,6.0,20.0,16.0,51.0
10:01:09,8.0,8.0,21.0,15.0,52.0
10:01:10,7.0,9.0,22.0,15.0,53.0
10:01:11,7.0,9.0,22.0,17.0,55.0
10:01:12,7.0,9.0,21.0,18.0,55.0
10:01:13,7.0,9.0,21.0,18.0,55.0
10:01:14,7.0,9.0,20.0,20.0,56.0
10:01:15,8.0,9.0,19.0,20.0,56.0
10:01:16,8.0,9.0,21.0,20.0,58.0
10:01:17,8.0,10.0,21.0,19.0,58.0
10:01:18,7.0,11.0,22.0,16.0,56.0
10:01:19,9.0,11.0,22.0,16.0,58.0
10:01:20,8.0,11.0,24.0,16.0,59.0
10:01:21,8.0,11.0,24.0,16.0,59.0
10:01:22,7.0,11.0,22.0,19.0,59.0
10:01:23,7.0,11.0,23.0,21.0,62.0
10:01:24,6.0,12.0,23.0,21.0,62.0
10:01:25,6.0,12.0,23.0,21.0,62.0
10:01:26,6.0,12.0,24.0,22.0,64.0
10:01:27,6.0,12.0,25.0,23.0,66.0
10:01:28,7.0,10.0,24.0,23.0,64.0
10:01:29,7.0,10.0,24.0,23.0,64.0
10:01:30,7.0,10.0,24.0,24.0,65.0
10:01:31,7.0,10.0,24.0,24.0,65.0
10:01:32,7.0,10.0,24.0,24.0,65.0
10:01:33,7.0,11.0,24.0,24.0,66.0
10:01:34,7.0,12.0,24.0,23.0,66.0
10:01:35,8.0,12.0,23.0,23.0,66.0
10:01:36,9.0,11.0,21.0,24.0,65.0
10:01:37,10.0,11.0,22.0,23.0,66.0
10:01:38,10.0,11.0,22.0,24.0,67.0
10:01:39,10.0,11.0,24.0,24.0,69.0
10:01:40,10.0,11.0,23.0,25.0,69.0
10:01:41,11.0,11.0,22.0,25.0,69.0
10:01:42,12.0,12.0,21.0,24.0,69.0
10:01:43,11.0,11.0,22.0,24.0,68.0
10:01:44,10.0,12.0,21.0,26.0,69.0
10:01:45,10.0,12.0,22.0,25.0,69.0
10:01:46,9.0,13.0,21.0,25.0,68.0
10:01:47,8.0,13.0,21.0,25.0,67.0
10:01:48,8.0,13.0,22.0,26.0,69.0
10:01:49,8.0,13.0,22.0,25.0,68.0
10:01:50,8.0,13.0,20.0,25.0,66.0
10:01:51,8.0,13.0,20.0,24.0,65.0
10:01:52,8.0,12.0,21.0,24.0,65.0
10:01:53,8.0,12.0,21.0,24.0,65.0
10:01:54,9.0,12.0,20.0,25.0,66.0
10:01:55,9.0,12.0,19.0,25.0,65.0
10:01:56,9.0,12.0,19.0,24.0,64.0
10:01:57,9.0,14.0,19.0,23.0,65.0
10:01:58,9.0,14.0,19.0,23.0,65.0
10:01:59,8.0,13.0,20.0,23.0,64.0
10:02:00,8.0,13.0,20.0,24.0,65.0
10:02:01,8.0,13.0,20.0,25.0,66.0
10:02:02,8.0,13.0,20.0,23.0,64.0
10:02:03,8.0,13.0,19.0,24.0,64.0
10:02:04,8.0,13.0,19.0,24.0,64.0
10:02:05,8.0,13.0,20.0,24.0,65.0
10:02:06,8.0,13.0,21.0,24.0,66.0
10:02:07,8.0,13.0,21.0,23.0,65.0
10:02:08,8.0,12.0,21.0,23.0,64.0
10:02:09,8.0,12.0,21.0,24.0,65.0
10:02:10,8.0,12.0,19.0,25.0,64.0
10:02:11,10.0,12.0,21.0,26.0,69.0
10:02:12,10.0,11.0,22.0,27.0,70.0
10:02:13,10.0,11.0,21.0,28.0,70.0
10:02:14,11.0,11.0,19.0,27.0,68.0
10:02:15,12.0,11.0,18.0,28.0,69.0
10:02:16,13.0,11.0,18.0,28.0,70.0
10:02:17,13.0,11.0,20.0,28.0,72.0
10:02:18,12.0,11.0,22.0,28.0,73.0
10:02:19,12.0,11.0,22.0,29.0,74.0
10:02:20,12.0,10.0,23.0,29.0,74.0
10:02:21,13.0,10.0,24.0,29.0,76.0
10:02:22,13.0,10.0,24.0,29.0,76.0
10:02:23,14.0,11.0,25.0,28.0,78.0
10:02:24,14.0,10.0,25.0,27.0,76.0
10:02:25,15.0,10.0,26.0,28.0,79.0
10:02:26,16.0,13.0,24.0,26.0,79.0
10:02:27,17.0,12.0,23.0,26.0,78.0
10:02:28,16.0,12.0,26.0,25.0,79.0
10:02:29,15.0,12.0,28.0,24.0,79.0
10:02:30,16.0,12.0,28.0,26.0,82.0
10:02:31,16.0,12.0,29.0,26.0,83.0
10:02:32,15.0,12.0,29.0,27.0,83.0
10:02:33,17.0,13.0,29.0,26.0,85.0
10:02:34,17.0,13.0,26.0,29.0,85.0
10:02:35,17.0,13.0,29.0,28.0,87.0
10:02:36,17.0,13.0,28.0,30.0,88.0
10:02:37,16.0,14.0,28.0,30.0,88.0
10:02:38,18.0,14.0,24.0,31.0,87.0
10:02:39,19.0,15.0,24.0,31.0,89.0
10:02:40,20.0,14.0,24.0,32.0,90.0
10:02:41,18.0,15.0,26.0,31.0,90.0
10:02:42,20.0,15.0,28.0,31.0,94.0
10:02:43,21.0,14.0,27.0,31.0,93.0
10:02:44,21.0,14.0,25.0,33.0,93.0
10:02:45,20.0,14.0,29.0,32.0,95.0
10:02:46,20.0,14.0,29.0,32.0,95.0
10:02:47,21.0,12.0,29.0,32.0,94.0
10:02:48,24.0,12.0,26.0,32.0,94.0
10:02:49,24.0,13.0,26.0,32.0,95.0
10:02:50,23.0,13.0,28.0,32.0,96.0
10:02:51,23.0,13.0,29.0,31.0,96.0
10:02:52,23.0,13.0,29.0,32.0,97.0
10:02:53,24.0,13.0,28.0,32.0,97.0
10:02:54,24.0,13.0,27.0,33.0,97.0
10:02:55,23.0,14.0,28.0,33.0,98.0
10:02:56,25.0,14.0,26.0,32.0,97.0
10:02:57,23.0,15.0,25.0,33.0,96.0
10:02:58,24.0,15.0,24.0,33.0,96.0
10:02:59,26.0,15.0,22.0,33.0,96.0
10:03:00,27.0,15.0,22.0,33.0,97.0
10:03:01,27.0,14.0,21.0,33.0,95.0
10:03:02,28.0,14.0,21.0,33.0,96.0
10:03:03,28.0,14.0,23.0,32.0,97.0
10:03:04,27.0,16.0,22.0,32.0,97.0
10:03:05,27.0,15.0,23.0,32.0,97.0
10:03:06,27.0,15.0,22.0,32.0,96.0
10:03:07,30.0,16.0,22.0,32.0,100.0
10:03:08,30.0,16.0,23.0,33.0,102.0
10:03:09,29.0,17.0,22.0,33.0,101.0
10:03:10,29.0,16.0,23.0,33.0,101.0
10:03:11,29.0,16.0,23.0,35.0,103.0
10:03:12,29.0,15.0,24.0,34.0,102.0
10:03:13,29.0,15.0,25.0,35.0,104.0
10:03:14,30.0,14.0,28.0,33.0,105.0
10:03:15,30.0,14.0,28.0,33.0,105.0
10:03:16,31.0,13.0,26.0,34.0,104.0
10:03:17,29.0,14.0,26.0,31.0,100.0
10:03:18,27.0,14.0,29.0,31.0,101.0
10:03:19,27.0,14.0,30.0,31.0,102.0
10:03:20,27.0,14.0,31.0,30.0,102.0
10:03:21,28.0,14.0,28.0,33.0,103.0
10:03:22,28.0,14.0,29.0,33.0,104.0
10:03:23,29.0,14.0,26.0,34.0,103.0
10:03:24,29.0,14.0,26.0,34.0,103.0
10:03:25,28.0,14.0,27.0,35.0,104.0
10:03:26,28.0,14.0,26.0,35.0,103.0
10:03:27,28.0,14.0,26.0,35.0,103.0
10:03:28,28.0,14.0,26.0,35.0,103.0
10:03:29,27.0,15.0,28.0,35.0,105.0
10:03:30,27.0,15.0,29.0,33.0,104.0
10:03:31,27.0,15.0,29.0,33.0,104.0
10:03:32,27.0,14.0,28.0,33.0,102.0
10:03:33,26.0,14.0,28.0,35.0,103.0
10:03:34,26.0,14.0,28.0,37.0,105.0
10:03:35,26.0,14.0,29.0,36.0,105.0
10:03:36,26.0,14.0,29.0,36.0,105.0
10:03:37,26.0,14.0,29.0,36.0,105.0
10:03:38,26.0,14.0,29.0,35.0,104.0
10:03:39,26.0,13.0,28.0,34.0,101.0
10:03:40,26.0,13.0,28.0,34.0,101.0
10:03:41,27.0,12.0,26.0,35.0,100.0
10:03:42,27.0,12.0,25.0,34.0,98.0
10:03:43,27.0,12.0,24.0,36.0,99.0
10:03:44,27.0,12.0,22.0,36.0,97.0
10:03:45,27.0,12.0,24.0,35.0,98.0
10:03:46,28.0,12.0,21.0,34.0,95.0
10:03:47,28.0,12.0,22.0,33.0,95.0
10:03:48,28.0,12.0,23.0,33.0,96.0
10:03:49,29.0,12.0,21.0,34.0,96.0
10:03:50,30.0,12.0,21.0,34.0,97.0
10:03:51,30.0,12.0,22.0,34.0,98.0
10:03:52,30.0,13.0,22.0,33.0,98.0
10:03:53,30.0,12.0,23.0,33.0,98.0
10:03:54,29.0,13.0,23.0,33.0,98.0
10:03:55,29.0,13.0,23.0,33.0,98.0
10:03:56,29.0,14.0,23.0,33.0,99.0
10:03:57,30.0,14.0,22.0,34.0,100.0
10:03:58,30.0,14.0,22.0,34.0,100.0
10:03:59,32.0,13.0,19.0,35.0,99.0
10:04:00,31.0,13.0,20.0,36.0,100.0
10:04:01,32.0,13.0,22.0,35.0,102.0
10:04:02,32.0,13.0,22.0,35.0,102.0
10:04:03,32.0,13.0,23.0,36.0,104.0
10:04:04,31.0,14.0,22.0,38.0,105.0
10:04:05,31.0,14.0,23.0,38.0,106.0
10:04:06,32.0,14.0,22.0,38.0,106.0
10:04:07,33.0,14.0,23.0,37.0,107.0
10:04:08,35.0,14.0,23.0,37.0,109.0
10:04:09,36.0,14.0,21.0,39.0,110.0
10:04:10,33.0,14.0,21.0,40.0,108.0
10:04:11,33.0,14.0,21.0,40.0,108.0
10:04:12,32.0,14.0,22.0,40.0,108.0
10:04:13,33.0,14.0,22.0,40.0,109.0
10:04:14,35.0,14.0,21.0,40.0,110.0
10:04:15,36.0,14.0,20.0,40.0,110.0
10:04:16,37.0,14.0,21.0,40.0,112.0
10:04:17,43.0,13.0,19.0,40.0,115.0
10:04:18,43.0,13.0,20.0,40.0,116.0
10:04:19,43.0,13.0,21.0,42.0,119.0
10:04:20,43.0,13.0,20.0,42.0,118.0
10:04:21,44.0,13.0,19.0,42.0,118.0
10:04:22,46.0,13.0,19.0,41.0,119.0
10:04:23,46.0,13.0,19.0,40.0,118.0
10:04:24,45.0,13.0,18.0,39.0,115.0
10:04:25,44.0,14.0,17.0,38.0,113.0
10:04:26,43.0,15.0,17.0,38.0,113.0
10:04:27,43.0,16.0,15.0,38.0,112.0
10:04:28,44.0,16.0,16.0,37.0,113.0
10:04:29,44.0,16.0,16.0,35.0,111.0
10:04:30,44.0,17.0,16.0,34.0,111.0
10:04:31,43.0,18.0,18.0,34.0,113.0
10:04:32,43.0,18.0,18.0,33.0,112.0
10:04:33,42.0,19.0,18.0,31.0,110.0
10:04:34,43.0,18.0,17.0,31.0,109.0
10:04:35,41.0,19.0,17.0,32.0,109.0
10:04:36,40.0,19.0,16.0,33.0,108.0
10:04:37,40.0,19.0,18.0,32.0,109.0
10:04:38,38.0,19.0,18.0,32.0,107.0
10:04:39,36.0,19.0,19.0,32.0,106.0
10:04:40,35.0,19.0,20.0,33.0,107.0
10:04:41,34.0,20.0,20.0,31.0,105.0
10:04:42,34.0,19.0,21.0,31.0,105.0
10:04:43,35.0,19.0,21.0,32.0,107.0
10:04:44,35.0,18.0,21.0,32.0,106.0
10:04:45,37.0,18.0,21.0,30.0,106.0
10:04:46,36.0,18.0,22.0,31.0,107.0
10:04:47,36.0,18.0,24.0,29.0,107.0
10:04:48,36.0,19.0,25.0,29.0,109.0
10:04:49,37.0,19.0,24.0,28.0,108.0
10:04:50,38.0,19.0,26.0,28.0,111.0
10:04:51,39.0,18.0,26.0,28.0,111.0
10:04:52,39.0,18.0,27.0,28.0,112.0
10:04:53,40.0,18.0,27.0,28.0,113.0
10:04:54,40.0,17.0,26.0,30.0,113.0
10:04:55,41.0,18.0,23.0,29.0,111.0
10:04:56,41.0,18.0,22.0,30.0,111.0
10:04:57,41.0,18.0,22.0,30.0,111.0
10:04:58,41.0,18.0,22.0,28.0,109.0
10:04:59,42.0,17.0,23.0,28.0,110.0
10:05:00,43.0,16.0,22.0,27.0,108.0
10:05:01,44.0,16.0,21.0,27.0,108.0
10:05:02,44.0,17.0,21.0,27.0,109.0
10:05:03,44.0,17.0,20.0,28.0,109.0
10:05:04,43.0,16.0,20.0,28.0,107.0
10:05:05,40.0,17.0,20.0,28.0,105.0
10:05:06,39.0,18.0,19.0,28.0,104.0
10:05:07,40.0,18.0,18.0,26.0,102.0
10:05:08,41.0,18.0,19.0,26.0,104.0
10:05:09,42.0,18.0,18.0,26.0,104.0
10:05:10,41.0,18.0,19.0,26.0,104.0
10:05:11,40.0,20.0,19.0,25.0,104.0
10:05:12,41.0,19.0,19.0,25.0,104.0
10:05:13,41.0,19.0,20.0,25.0,105.0
10:05:14,40.0,19.0,20.0,26.0,105.0
10:05:15,39.0,18.0,22.0,27.0,106.0
10:05:16,40.0,18.0,22.0,26.0,106.0
10:05:17,41.0,18.0,21.0,26.0,106.0
10:05:18,40.0,20.0,21.0,27.0,108.0
10:05:19,39.0,20.0,22.0,27.0,108.0
10:05:20,40.0,20.0,21.0,26.0,107.0
10:05:21,39.0,20.0,22.0,26.0,107.0
10:05:22,40.0,20.0,23.0,27.0,110.0
10:05:23,40.0,20.0,23.0,27.0,110.0
10:05:24,38.0,21.0,23.0,26.0,108.0
10:05:25,38.0,21.0,23.0,26.0,108.0
10:05:26,38.0,21.0,26.0,26.0,111.0
10:05:27,39.0,21.0,25.0,29.0,114.0
10:05:28,40.0,22.0,26.0,28.0,116.0
10:05:29,40.0,22.0,26.0,30.0,118.0
10:05:30,40.0,22.0,27.0,29.0,118.0
10:05:31,40.0,22.0,27.0,29.0,118.0
10:05:32,38.0,22.0,28.0,29.0,117.0
10:05:33,38.0,22.0,27.0,29.0,116.0
10:05:34,38.0,20.0,28.0,30.0,116.0
10:05:35,38.0,20.0,28.0,31.0,117.0
10:05:36,39.0,20.0,28.0,32.0,119.0
10:05:37,39.0,20.0,28.0,31.0,118.0
10:05:38,39.0,20.0,28.0,31.0,118.0
10:05:39,39.0,20.0,28.0,32.0,119.0
10:05:40,40.0,21.0,28.0,31.0,120.0
10:05:41,41.0,22.0,30.0,28.0,121.0
10:05:42,45.0,22.0,26.0,27.0,120.0
10:05:43,45.0,22.0,25.0,27.0,119.0
10:05:44,45.0,22.0,27.0,27.0,121.0
10:05:45,44.0,22.0,28.0,27.0,121.0
10:05:46,46.0,22.0,30.0,26.0,124.0
10:05:47,46.0,22.0,31.0,24.0,123.0
10:05:48,45.0,22.0,30.0,25.0,122.0
10:05:49,43.0,21.0,34.0,24.0,122.0
10:05:50,49.0,21.0,31.0,23.0,124.0
10:05:51,49.0,22.0,34.0,22.0,127.0
10:05:52,48.0,22.0,34.0,22.0,126.0
10:05:53,49.0,22.0,32.0,22.0,125.0
10:05:54,49.0,22.0,32.0,22.0,125.0
10:05:55,49.0,22.0,33.0,22.0,126.0
10:05:56,48.0,22.0,33.0,21.0,124.0
10:05:57,50.0,22.0,30.0,20.0,122.0
10:05:58,50.0,22.0,30.0,20.0,122.0
10:05:59,50.0,21.0,30.0,19.0,120.0
10:06:00,50.0,20.0,30.0,20.0,120.0
10:06:01,49.0,20.0,30.0,22.0,121.0
10:06:02,49.0,20.0,30.0,23.0,122.0
10:06:03,50.0,20.0,30.0,23.0,123.0
10:06:04,49.0,21.0,29.0,23.0,122.0
10:06:05,49.0,21.0,29.0,23.0,122.0
10:06:06,49.0,21.0,29.0,23.0,122.0
10:06:07,48.0,20.0,29.0,22.0,119.0
10:06:08,49.0,19.0,30.0,23.0,121.0
10:06:09,50.0,19.0,32.0,22.0,123.0
10:06:10,50.0,19.0,33.0,23.0,125.0
10:06:11,51.0,19.0,32.0,24.0,126.0
10:06:12,51.0,18.0,30.0,24.0,123.0
10:06:13,50.0,19.0,30.0,24.0,123.0
10:06:14,50.0,19.0,28.0,25.0,122.0
10:06:15,49.0,18.0,29.0,25.0,121.0
10:06:16,49.0,17.0,31.0,24.0,121.0
10:06:17,51.0,17.0,30.0,24.0,122.0
10:06:18,51.0,17.0,30.0,24.0,122.0
10:06:19,53.0,18.0,29.0,24.0,124.0
10:06:20,54.0,18.0,30.0,25.0,127.0
10:06:21,54.0,18.0,31.0,25.0,128.0
10:06:22,54.0,18.0,30.0,26.0,128.0
10:06:23,55.0,19.0,28.0,24.0,126.0
10:06:24,55.0,19.0,28.0,24.0,126.0
10:06:25,55.0,19.0,29.0,27.0,130.0
10:06:26,55.0,19.0,29.0,26.0,129.0
10:06:27,55.0,19.0,28.0,26.0,128.0
10:06:28,55.0,20.0,26.0,25.0,126.0
10:06:29,54.0,21.0,25.0,25.0,125.0
10:06:30,52.0,22.0,26.0,24.0,124.0
10:06:31,50.0,22.0,28.0,23.0,123.0
10:06:32,51.0,22.0,28.0,23.0,124.0
10:06:33,50.0,22.0,28.0,23.0,123.0
10:06:34,49.0,24.0,28.0,21.0,122.0
10:06:35,48.0,24.0,29.0,23.0,124.0
10:06:36,49.0,23.0,28.0,24.0,124.0
10:06:37,50.0,21.0,27.0,24.0,122.0
10:06:38,50.0,21.0,29.0,22.0,122.0
10:06:39,51.0,21.0,29.0,22.0,123.0
10:06:40,50.0,21.0,28.0,23.0,122.0
10:06:41,50.0,21.0,28.0,23.0,122.0
10:06:42,48.0,23.0,30.0,22.0,123.0
10:06:43,49.0,23.0,31.0,22.0,125.0
10:06:44,49.0,23.0,29.0,22.0,123.0
10:06:45,50.0,23.0,28.0,22.0,123.0
10:06:46,49.0,23.0,28.0,22.0,122.0
10:06:47,51.0,23.0,27.0,23.0,124.0
10:06:48,52.0,23.0,26.0,25.0,126.0
10:06:49,52.0,22.0,27.0,25.0,126.0
10:06:50,50.0,23.0,30.0,24.0,127.0
10:06:51,50.0,22.0,30.0,24.0,126.0
10:06:52,48.0,22.0,30.0,26.0,126.0
10:06:53,48.0,22.0,31.0,26.0,127.0
10:06:54,48.0,22.0,30.0,26.0,126.0
10:06:55,46.0,23.0,32.0,24.0,125.0
10:06:56,46.0,23.0,34.0,24.0,127.0
10:06:57,46.0,23.0,34.0,25.0,128.0
10:06:58,44.0,24.0,34.0,26.0,128.0
10:06:59,43.0,24.0,33.0,28.0,128.0
10:07:00,44.0,24.0,33.0,27.0,128.0
10:07:01,45.0,23.0,32.0,27.0,127.0
10:07:02,44.0,24.0,31.0,29.0,128.0
10:07:03,44.0,24.0,32.0,28.0,128.0
10:07:04,44.0,24.0,33.0,28.0,129.0
10:07:05,44.0,24.0,34.0,28.0,130.0
10:07:06,43.0,24.0,33.0,29.0,129.0
10:07:07,42.0,24.0,34.0,29.0,129.0
10:07:08,41.0,24.0,34.0,30.0,129.0
10:07:09,43.0,25.0,35.0,29.0,132.0
10:07:10,43.0,26.0,36.0,28.0,133.0
10:07:11,43.0,26.0,36.0,27.0,132.0
10:07:12,43.0,26.0,34.0,27.0,130.0
10:07:13,43.0,26.0,35.0,28.0,132.0
10:07:14,41.0,26.0,35.0,29.0,131.0
10:07:15,40.0,26.0,40.0,29.0,135.0
10:07:16,41.0,25.0,43.0,28.0,137.0
10:07:17,42.0,24.0,43.0,30.0,139.0
10:07:18,41.0,23.0,44.0,30.0,138.0
10:07:19,42.0,23.0,44.0,31.0,140.0
10:07:20,46.0,23.0,42.0,32.0,143.0
10:07:21,49.0,21.0,41.0,34.0,145.0
10:07:22,49.0,21.0,42.0,31.0,143.0
10:07:23,49.0,21.0,43.0,31.0,144.0
10:07:24,51.0,20.0,42.0,29.0,142.0
10:07:25,53.0,19.0,40.0,28.0,140.0
10:07:26,53.0,19.0,40.0,29.0,141.0
10:07:27,53.0,20.0,40.0,31.0,144.0
10:07:28,55.0,20.0,40.0,31.0,146.0
10:07:29,56.0,20.0,41.0,32.0,149.0
10:07:30,55.0,21.0,42.0,34.0,152.0
10:07:31,54.0,21.0,41.0,34.0,150.0
10:07:32,54.0,22.0,37.0,37.0,150.0
10:07:33,54.0,24.0,35.0,37.0,150.0
10:07:34,56.0,24.0,36.0,36.0,152.0
10:07:35,56.0,25.0,37.0,37.0,155.0
10:07:36,55.0,28.0,39.0,35.0,157.0
10:07:37,53.0,30.0,37.0,36.0,156.0
10:07:38,52.0,33.0,39.0,35.0,159.0
10:07:39,51.0,35.0,38.0,36.0,160.0
10:07:40,50.0,37.0,39.0,34.0,160.0
10:07:41,50.0,37.0,38.0,33.0,158.0
10:07:42,48.0,40.0,39.0,31.0,158.0
10:07:43,50.0,41.0,36.0,31.0,158.0
10:07:44,48.0,44.0,37.0,31.0,160.0
10:07:45,49.0,45.0,36.0,31.0,161.0
10:07:46,48.0,46.0,37.0,32.0,163.0
10:07:47,48.0,47.0,35.0,32.0,162.0
10:07:48,48.0,46.0,36.0,32.0,162.0
10:07:49,47.0,46.0,36.0,33.0,162.0
10:07:50,48.0,48.0,36.0,32.0,164.0
10:07:51,48.0,48.0,36.0,32.0,164.0
10:07:52,48.0,49.0,33.0,34.0,164.0
10:07:53,47.0,50.0,35.0,33.0,165.0
10:07:54,46.0,51.0,36.0,32.0,165.0
10:07:55,44.0,52.0,36.0,31.0,163.0
10:07:56,44.0,51.0,36.0,31.0,162.0
10:07:57,45.0,52.0,36.0,31.0,164.0
10:07:58,46.0,54.0,36.0,29.0,165.0
10:07:59,45.0,54.0,35.0,31.0,165.0
10:08:00,44.0,54.0,36.0,29.0,163.0
10:08:01,45.0,54.0,36.0,31.0,166.0
10:08:02,46.0,55.0,36.0,30.0,167.0
10:08:03,44.0,56.0,36.0,30.0,166.0
10:08:04,45.0,55.0,36.0,31.0,167.0
10:08:05,45.0,55.0,37.0,32.0,169.0
10:08:06,46.0,56.0,36.0,31.0,169.0
10:08:07,47.0,56.0,37.0,29.0,169.0
10:08:08,46.0,55.0,36.0,31.0,168.0
10:08:09,44.0,57.0,37.0,31.0,169.0
10:08:10,45.0,56.0,39.0,29.0,169.0
10:08:11,45.0,59.0,40.0,28.0,172.0
10:08:12,44.0,59.0,41.0,27.0,171.0
10:08:13,44.0,60.0,40.0,29.0,173.0
10:08:14,44.0,61.0,38.0,30.0,173.0
10:08:15,44.0,62.0,37.0,30.0,173.0
10:08:16,43.0,63.0,37.0,29.0,172.0
10:08:17,41.0,66.0,35.0,29.0,171.0
10:08:18,41.0,65.0,36.0,31.0,173.0
10:08:19,42.0,65.0,31.0,32.0,170.0
10:08:20,41.0,64.0,31.0,32.0,168.0
10:08:21,40.0,66.0,31.0,31.0,168.0
10:08:22,40.0,68.0,32.0,33.0,173.0
10:08:23,41.0,69.0,31.0,32.0,173.0
10:08:24,35.0,72.0,32.0,32.0,171.0
10:08:25,35.0,73.0,31.0,32.0,171.0
10:08:26,34.0,74.0,30.0,32.0,170.0
10:08:27,36.0,73.0,31.0,32.0,172.0
10:08:28,35.0,74.0,33.0,31.0,173.0
10:08:29,35.0,74.0,35.0,34.0,178.0
10:08:30,36.0,74.0,32.0,34.0,176.0
10:08:31,36.0,74.0,32.0,33.0,175.0
10:08:32,36.0,76.0,34.0,32.0,178.0
10:08:33,37.0,77.0,34.0,31.0,179.0
10:08:34,38.0,80.0,34.0,29.0,181.0
10:08:35,39.0,81.0,33.0,29.0,182.0
10:08:36,41.0,82.0,33.0,29.0,185.0
10:08:37,41.0,81.0,31.0,31.0,184.0
10:08:38,40.0,82.0,34.0,31.0,187.0
10:08:39,41.0,80.0,32.0,34.0,187.0
10:08:40,41.0,81.0,30.0,34.0,186.0
10:08:41,41.0,80.0,31.0,33.0,185.0
10:08:42,42.0,81.0,29.0,32.0,184.0
10:08:43,41.0,83.0,27.0,31.0,182.0
10:08:44,41.0,83.0,27.0,34.0,185.0
10:08:45,43.0,87.0,28.0,33.0,191.0
10:08:46,41.0,90.0,28.0,33.0,192.0
10:08:47,41.0,91.0,27.0,33.0,192.0
10:08:48,40.0,91.0,29.0,31.0,191.0
10:08:49,38.0,96.0,29.0,30.0,193.0
10:08:50,37.0,95.0,27.0,32.0,191.0
10:08:51,36.0,95.0,27.0,34.0,192.0
10:08:52,36.0,93.0,27.0,34.0,190.0
10:08:53,36.0,93.0,25.0,36.0,190.0
10:08:54,37.0,95.0,26.0,33.0,191.0
10:08:55,36.0,96.0,26.0,33.0,191.0
10:08:56,34.0,99.0,28.0,31.0,192.0
10:08:57,33.0,99.0,30.0,31.0,193.0
10:08:58,33.0,99.0,32.0,30.0,194.0
10:08:59,33.0,101.0,31.0,29.0,194.0
10:09:00,32.0,104.0,32.0,26.0,194.0
10:09:01,31.0,107.0,30.0,24.0,192.0
10:09:02,33.0,109.0,30.0,24.0,196.0
10:09:03,34.0,109.0,29.0,23.0,195.0
10:09:04,34.0,109.0,28.0,25.0,196.0
10:09:05,34.0,109.0,27.0,26.0,196.0
10:09:06,34.0,109.0,27.0,26.0,196.0
10:09:07,33.0,108.0,29.0,26.0,196.0
10:09:08,33.0,112.0,29.0,23.0,197.0
10:09:09,34.0,110.0,28.0,23.0,195.0
10:09:10,32.0,110.0,27.0,23.0,192.0
10:09:11,34.0,110.0,28.0,23.0,195.0
10:09:12,33.0,111.0,29.0,23.0,196.0
10:09:13,34.0,111.0,29.0,20.0,194.0
10:09:14,34.0,110.0,30.0,20.0,194.0
10:09:15,34.0,110.0,30.0,20.0,194.0
10:09:16,32.0,112.0,33.0,21.0,198.0
10:09:17,31.0,111.0,33.0,20.0,195.0
10:09:18,31.0,112.0,34.0,18.0,195.0
10:09:19,32.0,112.0,32.0,18.0,194.0
10:09:20,32.0,107.0,32.0,20.0,191.0
10:09:21,33.0,105.0,30.0,21.0,189.0
10:09:22,35.0,105.0,29.0,22.0,191.0
10:09:23,33.0,107.0,29.0,22.0,191.0
10:09:24,32.0,108.0,30.0,23.0,193.0
10:09:25,32.0,108.0,33.0,24.0,197.0
10:09:26,30.0,107.0,32.0,25.0,194.0
10:09:27,30.0,107.0,30.0,27.0,194.0
10:09:28,31.0,107.0,30.0,27.0,195.0
10:09:29,32.0,107.0,31.0,27.0,197.0
10:09:30,31.0,107.0,29.0,29.0,196.0
10:09:31,31.0,110.0,28.0,26.0,195.0
10:09:32,30.0,112.0,28.0,25.0,195.0
10:09:33,28.0,112.0,30.0,25.0,195.0
10:09:34,27.0,111.0,32.0,25.0,195.0
10:09:35,27.0,110.0,30.0,27.0,194.0
10:09:36,25.0,110.0,32.0,29.0,196.0
10:09:37,25.0,110.0,31.0,29.0,195.0
10:09:38,25.0,111.0,30.0,28.0,194.0
10:09:39,24.0,113.0,28.0,24.0,189.0
10:09:40,24.0,115.0,30.0,23.0,192.0
10:09:41,26.0,116.0,29.0,25.0,196.0
10:09:42,26.0,117.0,29.0,23.0,195.0
10:09:43,25.0,117.0,30.0,23.0,195.0
10:09:44,27.0,117.0,31.0,23.0,198.0
10:09:45,29.0,116.0,30.0,23.0,198.0
10:09:46,29.0,115.0,30.0,25.0,199.0
10:09:47,31.0,115.0,30.0,24.0,200.0
10:09:48,34.0,114.0,27.0,25.0,200.0
10:09:49,32.0,115.0,25.0,26.0,198.0
10:09:50,32.0,115.0,24.0,26.0,197.0
10:09:51,32.0,118.0,23.0,25.0,198.0
10:09:52,32.0,117.0,22.0,24.0,195.0
10:09:53,32.0,113.0,23.0,23.0,191.0
10:09:54,33.0,113.0,23.0,24.0,193.0
10:09:55,33.0,111.0,25.0,25.0,194.0
10:09:56,32.0,112.0,26.0,22.0,192.0
10:09:57,29.0,115.0,26.0,22.0,192.0
10:09:58,30.0,116.0,26.0,21.0,193.0
10:09:59,31.0,115.0,25.0,22.0,193.0
10:10:00,30.0,116.0,24.0,23.0,193.0
10:10:01,30.0,115.0,25.0,25.0,195.0
10:10:02,28.0,115.0,26.0,26.0,195.0
10:10:03,27.0,115.0,26.0,27.0,195.0
10:10:04,28.0,115.0,26.0,26.0,195.0
10:10:05,28.0,114.0,28.0,27.0,197.0
10:10:06,30.0,113.0,28.0,24.0,195.0
10:10:07,30.0,113.0,27.0,24.0,194.0
10:10:08,31.0,112.0,27.0,24.0,194.0
10:10:09,31.0,113.0,26.0,24.0,194.0
10:10:10,31.0,111.0,25.0,24.0,191.0
10:10:11,33.0,111.0,24.0,25.0,193.0
10:10:12,35.0,114.0,23.0,24.0,196.0
10:10:13,36.0,112.0,23.0,24.0,195.0
10:10:14,39.0,113.0,24.0,22.0,198.0
10:10:15,38.0,114.0,26.0,22.0,200.0
10:10:16,40.0,114.0,25.0,21.0,200.0
10:10:17,41.0,113.0,25.0,22.0,201.0
10:10:18,39.0,111.0,27.0,23.0,200.0
10:10:19,39.0,110.0,30.0,22.0,201.0
10:10:20,40.0,111.0,28.0,24.0,203.0
10:10:21,40.0,113.0,28.0,21.0,202.0
10:10:22,41.0,110.0,26.0,24.0,201.0
10:10:23,41.0,109.0,27.0,23.0,200.0
10:10:24,41.0,109.0,27.0,19.0,196.0
10:10:25,42.0,109.0,26.0,20.0,197.0
10:10:26,42.0,110.0,27.0,20.0,199.0
10:10:27,44.0,108.0,28.0,20.0,200.0
10:10:28,45.0,109.0,26.0,19.0,199.0
10:10:29,45.0,110.0,25.0,19.0,199.0
10:10:30,44.0,107.0,28.0,21.0,200.0
10:10:31,43.0,108.0,26.0,20.0,197.0
10:10:32,43.0,106.0,25.0,22.0,196.0
10:10:33,42.0,107.0,24.0,22.0,195.0
10:10:34,42.0,107.0,21.0,23.0,193.0
10:10:35,42.0,110.0,18.0,24.0,194.0
10:10:36,42.0,110.0,20.0,23.0,195.0
10:10:37,43.0,110.0,20.0,23.0,196.0
10:10:38,45.0,110.0,19.0,24.0,198.0
10:10:39,48.0,111.0,19.0,24.0,202.0
10:10:40,47.0,112.0,20.0,22.0,201.0
10:10:41,48.0,111.0,20.0,22.0,201.0
10:10:42,48.0,113.0,20.0,20.0,201.0
10:10:43,46.0,111.0,20.0,20.0,197.0
10:10:44,46.0,111.0,21.0,20.0,198.0
10:10:45,46.0,108.0,23.0,20.0,197.0
10:10:46,46.0,107.0,24.0,19.0,196.0
10:10:47,46.0,106.0,24.0,19.0,195.0
10:10:48,43.0,106.0,25.0,19.0,193.0
10:10:49,43.0,105.0,27.0,19.0,194.0
10:10:50,42.0,105.0,29.0,16.0,192.0
10:10:51,40.0,107.0,30.0,15.0,192.0
10:10:52,40.0,107.0,30.0,16.0,193.0
10:10:53,41.0,107.0,28.0,15.0,191.0
10:10:54,42.0,104.0,27.0,15.0,188.0
10:10:55,41.0,102.0,25.0,17.0,185.0
10:10:56,41.0,103.0,24.0,17.0,185.0
10:10:57,42.0,102.0,21.0,20.0,185.0
10:10:58,44.0,102.0,22.0,21.0,189.0
10:10:59,44.0,100.0,23.0,21.0,188.0
10:11:00,43.0,104.0,23.0,19.0,189.0
10:11:01,44.0,103.0,24.0,19.0,190.0
10:11:02,48.0,102.0,21.0,20.0,191.0
10:11:03,48.0,103.0,26.0,21.0,198.0
10:11:04,46.0,107.0,27.0,21.0,201.0
10:11:05,45.0,108.0,27.0,22.0,202.0
10:11:06,45.0,107.0,27.0,23.0,202.0
10:11:07,45.0,108.0,26.0,23.0,202.0
10:11:08,45.0,108.0,26.0,22.0,201.0
10:11:09,43.0,110.0,27.0,21.0,201.0
10:11:10,42.0,110.0,30.0,19.0,201.0
10:11:11,43.0,111.0,29.0,20.0,203.0
10:11:12,42.0,110.0,29.0,21.0,202.0
10:11:13,42.0,110.0,30.0,21.0,203.0
10:11:14,42.0,109.0,32.0,21.0,204.0
10:11:15,41.0,108.0,31.0,23.0,203.0
10:11:16,40.0,110.0,30.0,23.0,203.0
10:11:17,41.0,111.0,30.0,22.0,204.0
10:11:18,42.0,110.0,29.0,21.0,202.0
10:11:19,42.0,109.0,30.0,23.0,204.0
10:11:20,43.0,108.0,27.0,22.0,200.0
10:11:21,42.0,111.0,26.0,21.0,200.0
10:11:22,41.0,108.0,25.0,22.0,196.0
10:11:23,41.0,106.0,23.0,23.0,193.0
10:11:24,41.0,105.0,24.0,23.0,193.0
10:11:25,41.0,106.0,25.0,22.0,194.0
10:11:26,41.0,105.0,27.0,20.0,193.0
10:11:27,39.0,105.0,29.0,20.0,193.0
10:11:28,38.0,107.0,29.0,19.0,193.0
10:11:29,38.0,107.0,30.0,19.0,194.0
10:11:30,37.0,109.0,28.0,22.0,196.0
10:11:31,38.0,109.0,28.0,22.0,197.0
10:11:32,39.0,109.0,29.0,23.0,200.0
10:11:33,38.0,110.0,30.0,24.0,202.0
10:11:34,37.0,110.0,32.0,25.0,204.0
10:11:35,36.0,109.0,31.0,29.0,205.0
10:11:36,35.0,108.0,29.0,33.0,205.0
10:11:37,34.0,110.0,27.0,33.0,204.0
10:11:38,35.0,108.0,28.0,36.0,207.0
10:11:39,36.0,110.0,29.0,34.0,209.0
10:11:40,35.0,110.0,29.0,32.0,206.0
10:11:41,34.0,110.0,29.0,32.0,205.0
10:11:42,34.0,111.0,30.0,33.0,208.0
10:11:43,34.0,111.0,27.0,35.0,207.0
10:11:44,36.0,111.0,25.0,37.0,209.0
10:11:45,36.0,110.0,29.0,35.0,210.0
10:11:46,37.0,109.0,27.0,35.0,208.0
10:11:47,39.0,110.0,27.0,35.0,211.0
10:11:48,38.0,113.0,28.0,34.0,213.0
10:11:49,38.0,115.0,29.0,32.0,214.0
10:11:50,38.0,114.0,29.0,32.0,213.0
10:11:51,39.0,114.0,29.0,33.0,215.0
10:11:52,41.0,113.0,29.0,32.0,215.0
10:11:53,40.0,117.0,29.0,29.0,215.0
10:11:54,39.0,118.0,26.0,31.0,214.0
10:11:55,40.0,120.0,26.0,29.0,215.0
10:11:56,38.0,120.0,24.0,31.0,213.0
10:11:57,34.0,125.0,23.0,29.0,211.0
10:11:58,32.0,127.0,22.0,30.0,211.0
10:11:59,32.0,126.0,23.0,30.0,211.0
10:12:00,31.0,123.0,23.0,31.0,208.0
10:12:01,28.0,125.0,23.0,31.0,207.0
10:12:02,28.0,125.0,23.0,29.0,205.0
10:12:03,28.0,124.0,23.0,28.0,203.0
10:12:04,27.0,125.0,21.0,29.0,202.0
10:12:05,27.0,127.0,22.0,27.0,203.0
10:12:06,27.0,127.0,22.0,27.0,203.0
10:12:07,28.0,128.0,21.0,28.0,205.0
10:12:08,28.0,128.0,22.0,28.0,206.0
10:12:09,30.0,129.0,22.0,27.0,208.0
10:12:10,29.0,132.0,23.0,26.0,210.0
10:12:11,29.0,130.0,24.0,26.0,209.0
10:12:12,29.0,129.0,24.0,28.0,210.0
10:12:13,31.0,128.0,23.0,29.0,211.0
10:12:14,31.0,126.0,21.0,30.0,208.0
10:12:15,31.0,124.0,22.0,29.0,206.0
10:12:16,28.0,125.0,21.0,29.0,203.0
10:12:17,29.0,126.0,20.0,26.0,201.0
10:12:18,29.0,125.0,20.0,26.0,200.0
10:12:19,29.0,124.0,23.0,26.0,202.0
10:12:20,29.0,124.0,22.0,25.0,200.0
10:12:21,28.0,124.0,20.0,25.0,197.0
10:12:22,28.0,123.0,19.0,24.0,194.0
10:12:23,27.0,122.0,19.0,24.0,192.0
10:12:24,27.0,121.0,19.0,24.0,191.0
10:12:25,25.0,121.0,20.0,23.0,189.0
10:12:26,23.0,119.0,21.0,24.0,187.0
10:12:27,23.0,119.0,22.0,22.0,186.0
10:12:28,22.0,118.0,22.0,21.0,183.0
10:12:29,21.0,118.0,22.0,20.0,181.0
10:12:30,22.0,119.0,22.0,20.0,183.0
10:12:31,21.0,120.0,22.0,21.0,184.0
10:12:32,21.0,120.0,22.0,21.0,184.0
10:12:33,20.0,120.0,22.0,22.0,184.0
10:12:34,21.0,118.0,22.0,22.0,183.0
10:12:35,21.0,117.0,23.0,21.0,182.0
10:12:36,23.0,117.0,22.0,22.0,184.0
10:12:37,23.0,115.0,24.0,23.0,185.0
10:12:38,21.0,115.0,25.0,22.0,183.0
10:12:39,20.0,115.0,26.0,21.0,182.0
10:12:40,20.0,114.0,24.0,22.0,180.0
10:12:41,22.0,114.0,23.0,23.0,182.0
10:12:42,24.0,114.0,23.0,22.0,183.0
10:12:43,24.0,112.0,24.0,22.0,182.0
10:12:44,22.0,113.0,25.0,22.0,182.0
10:12:45,21.0,112.0,25.0,20.0,178.0
10:12:46,22.0,111.0,23.0,21.0,177.0
10:12:47,22.0,110.0,24.0,21.0,177.0
10:12:48,22.0,108.0,24.0,21.0,175.0
10:12:49,22.0,108.0,26.0,20.0,176.0
10:12:50,21.0,106.0,27.0,20.0,174.0
10:12:51,21.0,105.0,26.0,21.0,173.0
10:12:52,21.0,103.0,25.0,21.0,170.0
10:12:53,21.0,101.0,25.0,21.0,168.0
10:12:54,20.0,100.0,26.0,21.0,167.0
10:12:55,20.0,100.0,27.0,19.0,166.0
10:12:56,21.0,100.0,26.0,19.0,166.0
10:12:57,19.0,99.0,26.0,19.0,163.0
10:12:58,19.0,98.0,25.0,21.0,163.0
10:12:59,19.0,97.0,24.0,21.0,161.0
10:13:00,19.0,95.0,24.0,22.0,160.0
10:13:01,19.0,95.0,24.0,22.0,160.0
10:13:02,19.0,95.0,24.0,22.0,160.0
10:13:03,21.0,94.0,24.0,21.0,160.0
10:13:04,21.0,93.0,24.0,21.0,159.0
10:13:05,21.0,93.0,23.0,21.0,158.0
10:13:06,20.0,91.0,27.0,19.0,157.0
10:13:07,20.0,89.0,27.0,21.0,157.0
10:13:08,18.0,89.0,27.0,21.0,155.0
10:13:09,18.0,88.0,27.0,22.0,155.0
10:13:10,19.0,83.0,27.0,22.0,151.0
10:13:11,19.0,83.0,26.0,23.0,151.0
10:13:12,19.0,83.0,26.0,23.0,151.0
10:13:13,18.0,82.0,29.0,22.0,151.0
10:13:14,18.0,81.0,29.0,22.0,150.0
10:13:15,18.0,81.0,29.0,22.0,150.0
10:13:16,18.0,81.0,30.0,20.0,149.0
10:13:17,19.0,80.0,30.0,20.0,149.0
10:13:18,18.0,80.0,31.0,20.0,149.0
10:13:19,18.0,79.0,29.0,21.0,147.0
10:13:20,17.0,80.0,29.0,22.0,148.0
10:13:21,17.0,78.0,28.0,22.0,145.0
10:13:22,17.0,77.0,29.0,22.0,145.0
10:13:23,17.0,74.0,32.0,21.0,144.0
10:13:24,16.0,74.0,34.0,20.0,144.0
10:13:25,16.0,74.0,34.0,20.0,144.0
10:13:26,16.0,74.0,35.0,20.0,145.0
10:13:27,17.0,72.0,35.0,21.0,145.0
10:13:28,16.0,72.0,35.0,21.0,144.0
10:13:29,16.0,72.0,37.0,21.0,146.0
10:13:30,16.0,69.0,36.0,21.0,142.0
10:13:31,16.0,69.0,36.0,21.0,142.0
10:13:32,17.0,69.0,34.0,21.0,141.0
10:13:33,18.0,70.0,32.0,21.0,141.0
10:13:34,16.0,69.0,34.0,20.0,139.0
10:13:35,16.0,68.0,34.0,21.0,139.0
10:13:36,17.0,68.0,36.0,21.0,142.0
10:13:37,18.0,68.0,35.0,23.0,144.0
10:13:38,18.0,67.0,34.0,24.0,143.0
10:13:39,19.0,67.0,34.0,23.0,143.0
10:13:40,18.0,66.0,35.0,24.0,143.0
10:13:41,18.0,65.0,35.0,24.0,142.0
10:13:42,19.0,65.0,34.0,25.0,143.0
10:13:43,21.0,65.0,31.0,26.0,143.0
10:13:44,21.0,63.0,34.0,23.0,141.0
10:13:45,22.0,62.0,35.0,23.0,142.0
10:13:46,22.0,60.0,36.0,23.0,141.0
10:13:47,22.0,59.0,36.0,24.0,141.0
10:13:48,22.0,60.0,35.0,23.0,140.0
10:13:49,23.0,59.0,35.0,23.0,140.0
10:13:50,23.0,58.0,34.0,24.0,139.0
10:13:51,22.0,58.0,33.0,25.0,138.0
10:13:52,22.0,56.0,34.0,25.0,137.0
10:13:53,21.0,56.0,36.0,25.0,138.0
10:13:54,21.0,55.0,35.0,26.0,137.0
10:13:55,21.0,54.0,36.0,25.0,136.0
10:13:56,20.0,52.0,37.0,24.0,133.0
10:13:57,20.0,52.0,36.0,25.0,133.0
10:13:58,21.0,52.0,35.0,27.0,135.0
10:13:59,21.0,50.0,33.0,30.0,134.0
10:14:00,21.0,49.0,33.0,30.0,133.0
10:14:01,20.0,48.0,35.0,28.0,131.0
10:14:02,21.0,48.0,34.0,29.0,132.0
10:14:03,21.0,47.0,33.0,29.0,130.0
10:14:04,20.0,45.0,34.0,29.0,128.0
10:14:05,20.0,45.0,32.0,30.0,127.0
10:14:06,19.0,45.0,31.0,30.0,125.0
10:14:07,19.0,45.0,29.0,31.0,124.0
10:14:08,19.0,44.0,30.0,32.0,125.0
10:14:09,20.0,44.0,30.0,32.0,126.0
10:14:10,19.0,42.0,29.0,31.0,121.0
10:14:11,19.0,42.0,30.0,31.0,122.0
10:14:12,19.0,40.0,32.0,30.0,121.0
10:14:13,19.0,40.0,31.0,30.0,120.0
10:14:14,20.0,40.0,31.0,30.0,121.0
10:14:15,19.0,40.0,32.0,30.0,121.0
10:14:16,19.0,40.0,31.0,31.0,121.0
10:14:17,19.0,39.0,31.0,31.0,120.0
10:14:18,20.0,39.0,30.0,32.0,121.0
10:14:19,20.0,38.0,29.0,33.0,120.0
10:14:20,22.0,38.0,32.0,33.0,125.0
10:14:21,22.0,37.0,32.0,33.0,124.0
10:14:22,22.0,38.0,32.0,32.0,124.0
10:14:23,22.0,38.0,32.0,32.0,124.0
10:14:24,22.0,38.0,31.0,31.0,122.0
10:14:25,20.0,38.0,35.0,32.0,125.0
10:14:26,20.0,38.0,35.0,32.0,125.0
10:14:27,21.0,38.0,34.0,32.0,125.0
10:14:28,22.0,37.0,34.0,32.0,125.0
10:14:29,21.0,36.0,34.0,31.0,122.0
10:14:30,21.0,36.0,34.0,31.0,122.0
10:14:31,20.0,35.0,34.0,32.0,121.0
10:14:32,20.0,34.0,33.0,33.0,120.0
10:14:33,19.0,34.0,32.0,34.0,119.0
10:14:34,19.0,33.0,33.0,33.0,118.0
10:14:35,18.0,33.0,33.0,34.0,118.0
10:14:36,19.0,33.0,33.0,34.0,119.0
10:14:37,19.0,33.0,34.0,35.0,121.0
10:14:38,19.0,33.0,34.0,35.0,121.0
10:14:39,19.0,33.0,35.0,35.0,122.0
10:14:40,19.0,33.0,34.0,36.0,122.0
10:14:41,19.0,33.0,34.0,36.0,122.0
10:14:42,20.0,33.0,32.0,38.0,123.0
10:14:43,19.0,31.0,35.0,37.0,122.0
10:14:44,19.0,31.0,36.0,37.0,123.0
10:14:45,20.0,31.0,34.0,37.0,122.0
10:14:46,21.0,31.0,34.0,37.0,123.0
10:14:47,21.0,31.0,35.0,35.0,122.0
10:14:48,21.0,31.0,39.0,34.0,125.0
10:14:49,21.0,30.0,40.0,34.0,125.0
10:14:50,21.0,30.0,39.0,35.0,125.0
10:14:51,21.0,30.0,39.0,33.0,123.0
10:14:52,19.0,31.0,41.0,30.0,121.0
10:14:53,19.0,31.0,41.0,31.0,122.0
10:14:54,19.0,31.0,43.0,31.0,124.0
10:14:55,20.0,31.0,43.0,32.0,126.0
10:14:56,21.0,31.0,42.0,31.0,125.0
10:14:57,21.0,31.0,42.0,33.0,127.0
10:14:58,22.0,31.0,42.0,32.0,127.0
10:14:59,20.0,30.0,43.0,32.0,125.0
10:15:00,21.0,28.0,44.0,33.0,126.0
10:15:01,20.0,28.0,45.0,33.0,126.0
10:15:02,21.0,28.0,45.0,33.0,127.0
10:15:03,20.0,28.0,46.0,32.0,126.0
10:15:04,20.0,28.0,47.0,31.0,126.0
10:15:05,20.0,27.0,46.0,31.0,124.0
10:15:06,21.0,27.0,45.0,29.0,122.0
10:15:07,19.0,29.0,43.0,29.0,120.0
10:15:08,19.0,29.0,44.0,27.0,119.0
10:15:09,20.0,29.0,43.0,28.0,120.0
10:15:10,20.0,29.0,43.0,28.0,120.0
10:15:11,20.0,28.0,44.0,28.0,120.0
10:15:12,21.0,28.0,43.0,28.0,120.0
10:15:13,21.0,28.0,44.0,28.0,121.0
10:15:14,21.0,28.0,44.0,27.0,120.0
10:15:15,23.0,28.0,43.0,26.0,120.0
10:15:16,23.0,27.0,43.0,26.0,119.0
10:15:17,22.0,26.0,45.0,25.0,118.0
10:15:18,23.0,26.0,45.0,25.0,119.0
10:15:19,23.0,26.0,46.0,28.0,123.0
10:15:20,21.0,27.0,47.0,26.0,121.0
10:15:21,21.0,27.0,47.0,27.0,122.0
10:15:22,21.0,26.0,46.0,27.0,120.0
10:15:23,21.0,26.0,46.0,27.0,120.0
10:15:24,21.0,25.0,48.0,27.0,121.0
10:15:25,21.0,25.0,46.0,27.0,119.0
10:15:26,22.0,25.0,45.0,27.0,119.0
10:15:27,21.0,25.0,45.0,27.0,118.0
10:15:28,21.0,25.0,46.0,26.0,118.0
10:15:29,19.0,25.0,45.0,27.0,116.0
10:15:30,19.0,25.0,45.0,27.0,116.0
10:15:31,18.0,25.0,46.0,27.0,116.0
10:15:32,18.0,25.0,45.0,28.0,116.0
10:15:33,18.0,23.0,44.0,27.0,112.0
10:15:34,19.0,23.0,43.0,29.0,114.0
10:15:35,19.0,23.0,45.0,28.0,115.0
10:15:36,18.0,25.0,46.0,28.0,117.0
10:15:37,18.0,25.0,46.0,29.0,118.0
10:15:38,17.0,25.0,47.0,27.0,116.0
10:15:39,17.0,25.0,46.0,29.0,117.0
10:15:40,17.0,26.0,47.0,28.0,118.0
10:15:41,15.0,25.0,46.0,29.0,115.0
10:15:42,15.0,25.0,47.0,29.0,116.0
10:15:43,15.0,25.0,48.0,29.0,117.0
10:15:44,16.0,24.0,45.0,28.0,113.0
10:15:45,17.0,23.0,46.0,27.0,113.0
10:15:46,18.0,23.0,46.0,27.0,114.0
10:15:47,18.0,23.0,46.0,27.0,114.0
10:15:48,18.0,23.0,44.0,27.0,112.0
10:15:49,17.0,24.0,44.0,25.0,110.0
10:15:50,17.0,25.0,45.0,24.0,111.0
10:15:51,17.0,25.0,44.0,25.0,111.0
10:15:52,17.0,25.0,45.0,25.0,112.0
10:15:53,17.0,24.0,45.0,24.0,110.0
10:15:54,18.0,23.0,43.0,24.0,108.0
10:15:55,19.0,23.0,42.0,25.0,109.0
10:15:56,19.0,22.0,42.0,25.0,108.0
10:15:57,20.0,22.0,42.0,25.0,109.0
10:15:58,21.0,22.0,41.0,26.0,110.0
10:15:59,21.0,22.0,40.0,26.0,109.0
10:16:00,19.0,22.0,39.0,27.0,107.0
10:16:01,18.0,22.0,42.0,28.0,110.0
10:16:02,19.0,22.0,41.0,28.0,110.0
10:16:03,17.0,23.0,42.0,28.0,110.0
10:16:04,17.0,23.0,43.0,28.0,111.0
10:16:05,17.0,24.0,43.0,28.0,112.0
10:16:06,16.0,24.0,45.0,29.0,114.0
10:16:07,16.0,24.0,46.0,29.0,115.0
10:16:08,16.0,23.0,45.0,30.0,114.0
10:16:09,16.0,23.0,42.0,34.0,115.0
10:16:10,15.0,23.0,43.0,33.0,114.0
10:16:11,16.0,23.0,43.0,33.0,115.0
10:16:12,16.0,22.0,43.0,33.0,114.0
10:16:13,15.0,21.0,44.0,32.0,112.0
10:16:14,15.0,21.0,45.0,31.0,112.0
10:16:15,15.0,21.0,46.0,33.0,115.0
10:16:16,15.0,21.0,44.0,34.0,114.0
10:16:17,16.0,21.0,43.0,35.0,115.0
10:16:18,17.0,20.0,44.0,32.0,113.0
10:16:19,15.0,22.0,44.0,32.0,113.0
10:16:20,15.0,22.0,44.0,32.0,113.0
10:16:21,15.0,22.0,43.0,33.0,113.0
10:16:22,16.0,22.0,43.0,33.0,114.0
10:16:23,17.0,22.0,42.0,32.0,113.0
10:16:24,17.0,22.0,42.0,32.0,113.0
10:16:25,19.0,22.0,44.0,30.0,115.0
10:16:26,19.0,22.0,44.0,30.0,115.0
10:16:27,19.0,22.0,43.0,32.0,116.0
10:16:28,19.0,22.0,42.0,32.0,115.0
10:16:29,19.0,22.0,43.0,32.0,116.0
10:16:30,20.0,22.0,42.0,32.0,116.0
10:16:31,21.0,22.0,42.0,32.0,117.0
10:16:32,20.0,21.0,42.0,32.0,115.0
10:16:33,21.0,21.0,39.0,29.0,110.0
10:16:34,22.0,21.0,38.0,29.0,110.0
10:16:35,22.0,21.0,39.0,29.0,111.0
10:16:36,22.0,21.0,39.0,28.0,110.0
10:16:37,21.0,21.0,39.0,29.0,110.0
10:16:38,20.0,20.0,41.0,29.0,110.0
10:16:39,21.0,20.0,38.0,28.0,107.0
10:16:40,21.0,20.0,39.0,28.0,108.0
10:16:41,22.0,20.0,36.0,27.0,105.0
10:16:42,22.0,20.0,34.0,28.0,104.0
10:16:43,22.0,21.0,32.0,28.0,103.0
10:16:44,22.0,21.0,32.0,27.0,102.0
10:16:45,21.0,21.0,31.0,27.0,100.0
10:16:46,21.0,21.0,31.0,25.0,98.0
10:16:47,20.0,22.0,30.0,26.0,98.0
10:16:48,20.0,22.0,29.0,26.0,97.0
10:16:49,20.0,22.0,30.0,27.0,99.0
10:16:50,20.0,22.0,29.0,27.0,98.0
10:16:51,21.0,21.0,28.0,27.0,97.0
10:16:52,19.0,22.0,27.0,27.0,95.0
10:16:53,19.0,22.0,26.0,28.0,95.0
10:16:54,17.0,20.0,27.0,28.0,92.0
10:16:55,17.0,18.0,28.0,27.0,90.0
10:16:56,17.0,18.0,27.0,28.0,90.0
10:16:57,17.0,18.0,27.0,28.0,90.0
10:16:58,17.0,18.0,27.0,28.0,90.0
10:16:59,18.0,18.0,27.0,29.0,92.0
10:17:00,19.0,18.0,29.0,28.0,94.0
10:17:01,18.0,18.0,31.0,28.0,95.0
10:17:02,18.0,18.0,31.0,27.0,94.0
10:17:03,18.0,17.0,31.0,26.0,92.0
10:17:04,17.0,17.0,32.0,25.0,91.0
10:17:05,17.0,16.0,31.0,26.0,90.0
10:17:06,17.0,16.0,31.0,26.0,90.0
10:17:07,16.0,16.0,30.0,27.0,89.0
10:17:08,16.0,16.0,29.0,27.0,88.0
10:17:09,13.0,16.0,29.0,28.0,86.0
10:17:10,13.0,16.0,30.0,29.0,88.0
10:17:11,13.0,16.0,29.0,30.0,88.0
10:17:12,13.0,15.0,28.0,29.0,85.0
10:17:13,16.0,15.0,27.0,29.0,87.0
10:17:14,16.0,14.0,26.0,30.0,86.0
10:17:15,17.0,14.0,26.0,30.0,87.0
10:17:16,17.0,13.0,27.0,30.0,87.0
10:17:17,16.0,13.0,28.0,31.0,88.0
10:17:18,17.0,14.0,29.0,30.0,90.0
10:17:19,17.0,14.0,28.0,31.0,90.0
10:17:20,18.0,13.0,28.0,31.0,90.0
10:17:21,16.0,12.0,30.0,30.0,88.0
10:17:22,15.0,12.0,30.0,30.0,87.0
10:17:23,15.0,11.0,29.0,31.0,86.0
10:17:24,14.0,11.0,32.0,32.0,89.0
10:17:25,15.0,11.0,31.0,32.0,89.0
10:17:26,15.0,11.0,30.0,33.0,89.0
10:17:27,15.0,11.0,30.0,32.0,88.0
10:17:28,15.0,11.0,30.0,32.0,88.0
10:17:29,16.0,13.0,30.0,29.0,88.0
10:17:30,16.0,13.0,29.0,29.0,87.0
10:17:31,15.0,13.0,29.0,29.0,86.0
10:17:32,14.0,14.0,28.0,29.0,85.0
10:17:33,17.0,14.0,26.0,30.0,87.0
10:17:34,16.0,15.0,29.0,28.0,88.0
10:17:35,17.0,15.0,31.0,28.0,91.0
10:17:36,17.0,15.0,30.0,29.0,91.0
10:17:37,17.0,15.0,29.0,31.0,92.0
10:17:38,17.0,16.0,29.0,30.0,92.0
10:17:39,20.0,16.0,27.0,30.0,93.0
10:17:40,21.0,16.0,27.0,30.0,94.0
10:17:41,21.0,16.0,27.0,29.0,93.0
10:17:42,21.0,16.0,27.0,30.0,94.0
10:17:43,21.0,16.0,28.0,30.0,95.0
10:17:44,21.0,16.0,27.0,30.0,94.0
10:17:45,21.0,16.0,28.0,28.0,93.0
10:17:46,21.0,16.0,28.0,29.0,94.0
10:17:47,21.0,16.0,31.0,27.0,95.0
10:17:48,19.0,17.0,30.0,27.0,93.0
10:17:49,20.0,16.0,30.0,27.0,93.0
10:17:50,20.0,15.0,30.0,28.0,93.0
10:17:51,21.0,15.0,29.0,28.0,93.0
10:17:52,19.0,17.0,30.0,27.0,93.0
10:17:53,20.0,17.0,30.0,30.0,97.0
10:17:54,20.0,16.0,29.0,31.0,96.0
10:17:55,20.0,17.0,32.0,28.0,97.0
10:17:56,20.0,17.0,33.0,28.0,98.0
10:17:57,21.0,17.0,32.0,27.0,97.0
10:17:58,22.0,17.0,33.0,27.0,99.0
10:17:59,24.0,16.0,34.0,27.0,101.0
10:18:00,25.0,16.0,33.0,27.0,101.0
10:18:01,25.0,14.0,34.0,28.0,101.0
10:18:02,26.0,14.0,33.0,28.0,101.0
10:18:03,25.0,14.0,34.0,28.0,101.0
10:18:04,26.0,14.0,34.0,28.0,102.0
10:18:05,27.0,13.0,37.0,28.0,105.0
10:18:06,26.0,12.0,39.0,27.0,104.0
10:18:07,26.0,12.0,38.0,29.0,105.0
10:18:08,27.0,12.0,37.0,29.0,105.0
10:18:09,28.0,12.0,34.0,30.0,104.0
10:18:10,29.0,12.0,34.0,30.0,105.0
10:18:11,30.0,12.0,32.0,30.0,104.0
10:18:12,30.0,13.0,30.0,31.0,104.0
10:18:13,29.0,14.0,30.0,30.0,103.0
10:18:14,31.0,14.0,29.0,30.0,104.0
10:18:15,32.0,14.0,27.0,30.0,103.0
10:18:16,33.0,14.0,26.0,30.0,103.0
10:18:17,32.0,15.0,25.0,31.0,103.0
10:18:18,31.0,15.0,24.0,32.0,102.0
10:18:19,30.0,15.0,24.0,32.0,101.0
10:18:20,30.0,15.0,23.0,31.0,99.0
10:18:21,31.0,14.0,24.0,31.0,100.0
10:18:22,32.0,15.0,24.0,30.0,101.0
10:18:23,32.0,15.0,25.0,31.0,103.0
10:18:24,33.0,15.0,26.0,31.0,105.0
10:18:25,34.0,15.0,26.0,32.0,107.0
10:18:26,35.0,15.0,26.0,31.0,107.0
10:18:27,36.0,15.0,22.0,31.0,104.0
10:18:28,36.0,15.0,23.0,31.0,105.0
10:18:29,36.0,15.0,24.0,30.0,105.0
10:18:30,36.0,15.0,24.0,30.0,105.0
10:18:31,33.0,16.0,24.0,30.0,103.0
10:18:32,33.0,16.0,24.0,30.0,103.0
10:18:33,36.0,16.0,19.0,30.0,101.0
10:18:34,36.0,16.0,19.0,30.0,101.0
10:18:35,36.0,15.0,21.0,28.0,100.0
10:18:36,35.0,15.0,21.0,28.0,99.0
10:18:37,35.0,16.0,20.0,29.0,100.0
10:18:38,35.0,15.0,21.0,28.0,99.0
10:18:39,35.0,15.0,20.0,30.0,100.0
10:18:40,35.0,15.0,19.0,30.0,99.0
10:18:41,34.0,16.0,20.0,29.0,99.0
10:18:42,35.0,16.0,20.0,30.0,101.0
10:18:43,35.0,16.0,21.0,29.0,101.0
10:18:44,36.0,16.0,20.0,30.0,102.0
10:18:45,36.0,16.0,20.0,29.0,101.0
10:18:46,35.0,16.0,21.0,28.0,100.0
10:18:47,35.0,15.0,22.0,28.0,100.0
10:18:48,34.0,15.0,21.0,30.0,100.0
10:18:49,33.0,14.0,21.0,30.0,98.0
10:18:50,32.0,14.0,21.0,30.0,97.0
10:18:51,32.0,14.0,20.0,29.0,95.0
10:18:52,32.0,13.0,20.0,29.0,94.0
10:18:53,35.0,13.0,21.0,28.0,97.0
10:18:54,35.0,13.0,21.0,27.0,96.0
10:18:55,36.0,12.0,22.0,26.0,96.0
10:18:56,36.0,12.0,21.0,27.0,96.0
10:18:57,35.0,12.0,22.0,27.0,96.0
10:18:58,36.0,12.0,22.0,27.0,97.0
10:18:59,37.0,12.0,21.0,27.0,97.0
10:19:00,37.0,12.0,21.0,28.0,98.0
10:19:01,36.0,12.0,21.0,27.0,96.0
10:19:02,37.0,12.0,23.0,27.0,99.0
10:19:03,37.0,12.0,23.0,27.0,99.0
10:19:04,37.0,11.0,23.0,28.0,99.0
10:19:05,36.0,11.0,24.0,27.0,98.0
10:19:06,37.0,11.0,23.0,27.0,98.0
10:19:07,38.0,11.0,23.0,27.0,99.0
10:19:08,39.0,11.0,22.0,27.0,99.0
10:19:09,39.0,11.0,22.0,26.0,98.0
10:19:10,38.0,12.0,22.0,25.0,97.0
10:19:11,40.0,12.0,21.0,26.0,99.0
10:19:12,41.0,12.0,21.0,26.0,100.0
10:19:13,41.0,13.0,21.0,26.0,101.0
10:19:14,40.0,14.0,23.0,27.0,104.0
10:19:15,41.0,14.0,22.0,27.0,104.0
10:19:16,41.0,14.0,23.0,28.0,106.0
10:19:17,41.0,14.0,22.0,28.0,105.0
10:19:18,39.0,14.0,24.0,26.0,103.0
10:19:19,38.0,14.0,23.0,26.0,101.0
10:19:20,37.0,14.0,23.0,24.0,98.0
10:19:21,35.0,14.0,25.0,24.0,98.0
10:19:22,35.0,14.0,26.0,23.0,98.0
10:19:23,34.0,14.0,27.0,24.0,99.0
10:19:24,33.0,15.0,27.0,23.0,98.0
10:19:25,32.0,15.0,26.0,24.0,97.0
10:19:26,32.0,15.0,26.0,24.0,97.0
10:19:27,32.0,15.0,25.0,25.0,97.0
10:19:28,32.0,16.0,27.0,25.0,100.0
10:19:29,32.0,16.0,26.0,25.0,99.0
10:19:30,33.0,15.0,26.0,25.0,99.0
10:19:31,33.0,16.0,26.0,26.0,101.0
10:19:32,35.0,15.0,25.0,25.0,100.0
10:19:33,37.0,15.0,24.0,24.0,100.0
10:19:34,38.0,15.0,25.0,25.0,103.0
10:19:35,36.0,15.0,26.0,25.0,102.0
10:19:36,35.0,16.0,26.0,25.0,102.0
10:19:37,34.0,16.0,27.0,24.0,101.0
10:19:38,32.0,17.0,29.0,24.0,102.0
10:19:39,30.0,17.0,29.0,23.0,99.0
10:19:40,31.0,17.0,29.0,23.0,100.0
10:19:41,31.0,17.0,28.0,24.0,100.0
10:19:42,32.0,17.0,27.0,24.0,100.0
10:19:43,33.0,17.0,26.0,25.0,101.0
10:19:44,33.0,17.0,25.0,25.0,100.0
10:19:45,32.0,18.0,24.0,25.0,99.0
10:19:46,30.0,19.0,23.0,25.0,97.0
10:19:47,30.0,19.0,23.0,25.0,97.0
10:19:48,31.0,19.0,21.0,27.0,98.0
10:19:49,30.0,19.0,19.0,29.0,97.0
10:19:50,30.0,18.0,19.0,30.0,97.0
10:19:51,30.0,18.0,20.0,29.0,97.0
10:19:52,30.0,17.0,20.0,29.0,96.0
10:19:53,31.0,17.0,20.0,29.0,97.0
10:19:54,31.0,18.0,20.0,28.0,97.0
10:19:55,31.0,17.0,20.0,29.0,97.0
10:19:56,33.0,18.0,19.0,29.0,99.0
10:19:57,34.0,18.0,17.0,30.0,99.0
10:19:58,34.0,18.0,19.0,31.0,102.0
10:19:59,34.0,17.0,20.0,30.0,101.0
10:20:00,34.0,17.0,19.0,30.0,100.0
10:20:01,33.0,18.0,19.0,32.0,102.0
10:20:02,33.0,18.0,20.0,32.0,103.0
10:20:03,33.0,18.0,21.0,31.0,103.0
10:20:04,35.0,18.0,21.0,31.0,105.0
10:20:05,36.0,18.0,22.0,29.0,105.0
10:20:06,36.0,18.0,21.0,29.0,104.0
10:20:07,36.0,18.0,22.0,29.0,105.0
10:20:08,35.0,18.0,24.0,28.0,105.0
10:20:09,36.0,18.0,25.0,28.0,107.0
10:20:10,38.0,18.0,23.0,27.0,106.0
10:20:11,38.0,19.0,23.0,26.0,106.0
10:20:12,38.0,19.0,23.0,26.0,106.0
10:20:13,39.0,18.0,22.0,27.0,106.0
10:20:14,40.0,17.0,22.0,27.0,106.0
10:20:15,40.0,17.0,22.0,27.0,106.0
10:20:16,39.0,17.0,24.0,27.0,107.0
10:20:17,40.0,17.0,24.0,26.0,107.0
10:20:18,40.0,17.0,25.0,26.0,108.0
10:20:19,40.0,17.0,25.0,26.0,108.0
10:20:20,42.0,16.0,23.0,26.0,107.0
10:20:21,42.0,16.0,23.0,26.0,107.0
10:20:22,42.0,16.0,23.0,26.0,107.0
10:20:23,42.0,15.0,23.0,27.0,107.0
10:20:24,43.0,16.0,22.0,27.0,108.0
10:20:25,43.0,15.0,22.0,27.0,107.0
10:20:26,44.0,15.0,22.0,27.0,108.0
10:20:27,43.0,15.0,22.0,27.0,107.0
10:20:28,43.0,15.0,24.0,26.0,108.0
10:20:29,44.0,16.0,23.0,26.0,109.0
10:20:30,44.0,15.0,23.0,26.0,108.0
10:20:31,43.0,17.0,23.0,27.0,110.0
10:20:32,43.0,17.0,23.0,27.0,110.0
10:20:33,44.0,18.0,23.0,26.0,111.0
10:20:34,42.0,18.0,23.0,27.0,110.0
10:20:35,43.0,18.0,24.0,27.0,112.0
10:20:36,43.0,18.0,25.0,27.0,113.0
10:20:37,45.0,19.0,25.0,26.0,115.0
10:20:38,46.0,18.0,24.0,26.0,114.0
10:20:39,47.0,18.0,24.0,26.0,115.0
10:20:40,44.0,19.0,25.0,27.0,115.0
10:20:41,44.0,18.0,25.0,26.0,113.0
10:20:42,45.0,18.0,26.0,27.0,116.0
10:20:43,48.0,18.0,24.0,27.0,117.0
10:20:44,49.0,18.0,24.0,27.0,118.0
10:20:45,51.0,18.0,23.0,28.0,120.0
10:20:46,51.0,18.0,22.0,28.0,119.0
10:20:47,50.0,18.0,22.0,29.0,119.0
10:20:48,52.0,18.0,22.0,28.0,120.0
10:20:49,52.0,17.0,23.0,27.0,119.0
10:20:50,52.0,17.0,23.0,27.0,119.0
10:20:51,51.0,17.0,24.0,26.0,118.0
10:20:52,51.0,17.0,23.0,27.0,118.0
10:20:53,52.0,17.0,26.0,26.0,121.0
10:20:54,54.0,16.0,24.0,25.0,119.0
10:20:55,54.0,17.0,24.0,23.0,118.0
10:20:56,52.0,17.0,25.0,23.0,117.0
10:20:57,54.0,17.0,25.0,24.0,120.0
10:20:58,54.0,16.0,23.0,26.0,119.0
10:20:59,53.0,18.0,23.0,25.0,119.0
10:21:00,54.0,18.0,23.0,25.0,120.0
10:21:01,52.0,18.0,24.0,26.0,120.0
10:21:02,52.0,18.0,25.0,26.0,121.0
10:21:03,55.0,18.0,22.0,26.0,121.0
10:21:04,57.0,18.0,21.0,27.0,123.0
10:21:05,55.0,18.0,21.0,27.0,121.0
10:21:06,53.0,18.0,21.0,26.0,118.0
10:21:07,53.0,18.0,22.0,25.0,118.0
10:21:08,51.0,18.0,22.0,24.0,115.0
10:21:09,53.0,18.0,22.0,25.0,118.0
10:21:10,53.0,19.0,25.0,23.0,120.0
10:21:11,52.0,19.0,25.0,24.0,120.0
10:21:12,50.0,18.0,28.0,24.0,120.0
10:21:13,49.0,19.0,29.0,24.0,121.0
10:21:14,48.0,19.0,30.0,23.0,120.0
10:21:15,47.0,19.0,30.0,23.0,119.0
10:21:16,46.0,19.0,29.0,24.0,118.0
10:21:17,46.0,19.0,28.0,25.0,118.0
10:21:18,45.0,20.0,28.0,25.0,118.0
10:21:19,46.0,20.0,28.0,25.0,119.0
10:21:20,46.0,20.0,28.0,23.0,117.0
10:21:21,46.0,20.0,28.0,24.0,118.0
10:21:22,46.0,20.0,29.0,21.0,116.0
10:21:23,46.0,20.0,28.0,21.0,115.0
10:21:24,48.0,21.0,28.0,20.0,117.0
10:21:25,48.0,21.0,27.0,21.0,117.0
10:21:26,46.0,21.0,26.0,22.0,115.0
10:21:27,47.0,21.0,25.0,21.0,114.0
10:21:28,48.0,21.0,26.0,21.0,116.0
10:21:29,47.0,21.0,27.0,22.0,117.0
10:21:30,47.0,21.0,27.0,21.0,116.0
10:21:31,47.0,22.0,25.0,21.0,115.0
10:21:32,48.0,22.0,25.0,21.0,116.0
10:21:33,48.0,22.0,26.0,21.0,117.0
10:21:34,49.0,22.0,26.0,21.0,118.0
10:21:35,49.0,22.0,25.0,22.0,118.0
10:21:36,48.0,21.0,25.0,20.0,114.0
10:21:37,47.0,21.0,24.0,19.0,111.0
10:21:38,48.0,21.0,24.0,18.0,111.0
10:21:39,49.0,21.0,24.0,18.0,112.0
10:21:40,49.0,21.0,23.0,19.0,112.0
10:21:41,49.0,21.0,25.0,19.0,114.0
10:21:42,48.0,21.0,25.0,19.0,113.0
10:21:43,49.0,21.0,24.0,18.0,112.0
10:21:44,46.0,21.0,24.0,19.0,110.0
10:21:45,46.0,21.0,24.0,19.0,110.0
10:21:46,45.0,21.0,21.0,21.0,108.0
10:21:47,45.0,21.0,21.0,21.0,108.0
10:21:48,46.0,21.0,19.0,24.0,110.0
10:21:49,46.0,21.0,20.0,24.0,111.0
10:21:50,46.0,21.0,21.0,24.0,112.0
10:21:51,46.0,21.0,22.0,23.0,112.0
10:21:52,46.0,21.0,22.0,20.0,109.0
10:21:53,46.0,21.0,22.0,19.0,108.0
10:21:54,46.0,21.0,24.0,19.0,110.0
10:21:55,45.0,21.0,23.0,20.0,109.0
10:21:56,45.0,21.0,24.0,19.0,109.0
10:21:57,44.0,20.0,24.0,19.0,107.0
10:21:58,44.0,20.0,25.0,18.0,107.0
10:21:59,44.0,19.0,24.0,18.0,105.0
10:22:00,45.0,19.0,23.0,18.0,105.0
10:22:01,45.0,20.0,22.0,18.0,105.0
10:22:02,45.0,20.0,24.0,18.0,107.0
10:22:03,45.0,20.0,24.0,18.0,107.0
10:22:04,45.0,19.0,24.0,18.0,106.0
10:22:05,45.0,19.0,24.0,19.0,107.0
10:22:06,46.0,19.0,24.0,19.0,108.0
10:22:07,44.0,19.0,25.0,19.0,107.0
10:22:08,44.0,19.0,24.0,18.0,105.0
10:22:09,42.0,20.0,24.0,18.0,104.0
10:22:10,41.0,20.0,24.0,18.0,103.0
10:22:11,41.0,19.0,25.0,17.0,102.0
10:22:12,42.0,19.0,25.0,18.0,104.0
10:22:13,43.0,19.0,24.0,17.0,103.0
10:22:14,43.0,19.0,24.0,15.0,101.0
10:22:15,45.0,19.0,23.0,15.0,102.0
10:22:16,46.0,18.0,25.0,16.0,105.0
10:22:17,46.0,18.0,25.0,19.0,108.0
10:22:18,45.0,18.0,24.0,20.0,107.0
10:22:19,47.0,18.0,25.0,20.0,110.0
10:22:20,47.0,17.0,25.0,21.0,110.0
10:22:21,47.0,17.0,25.0,21.0,110.0
10:22:22,46.0,17.0,25.0,21.0,109.0
10:22:23,46.0,17.0,25.0,21.0,109.0
10:22:24,47.0,17.0,24.0,20.0,108.0
10:22:25,47.0,16.0,24.0,21.0,108.0
10:22:26,48.0,16.0,24.0,21.0,109.0
10:22:27,48.0,17.0,27.0,21.0,113.0
10:22:28,49.0,17.0,24.0,23.0,113.0
10:22:29,49.0,18.0,25.0,23.0,115.0
10:22:30,49.0,19.0,25.0,24.0,117.0
10:22:31,49.0,20.0,26.0,23.0,118.0
10:22:32,52.0,21.0,24.0,24.0,121.0
10:22:33,53.0,20.0,25.0,26.0,124.0
10:22:34,52.0,23.0,24.0,26.0,125.0
10:22:35,51.0,23.0,25.0,24.0,123.0
10:22:36,54.0,24.0,24.0,25.0,127.0
10:22:37,52.0,25.0,25.0,24.0,126.0
10:22:38,52.0,26.0,24.0,26.0,128.0
10:22:39,53.0,26.0,24.0,30.0,133.0
10:22:40,53.0,29.0,26.0,29.0,137.0
10:22:41,53.0,29.0,26.0,29.0,137.0
10:22:42,49.0,30.0,27.0,28.0,134.0
10:22:43,49.0,31.0,28.0,27.0,135.0
10:22:44,49.0,34.0,30.0,24.0,137.0
10:22:45,48.0,35.0,33.0,24.0,140.0
10:22:46,49.0,35.0,32.0,24.0,140.0
10:22:47,49.0,35.0,32.0,24.0,140.0
10:22:48,49.0,35.0,33.0,22.0,139.0
10:22:49,49.0,36.0,33.0,23.0,141.0
10:22:50,49.0,36.0,31.0,26.0,142.0
10:22:51,51.0,37.0,29.0,26.0,143.0
10:22:52,51.0,38.0,27.0,27.0,143.0
10:22:53,50.0,39.0,27.0,27.0,143.0
10:22:54,48.0,41.0,28.0,27.0,144.0
10:22:55,48.0,43.0,27.0,28.0,146.0
10:22:56,48.0,41.0,28.0,28.0,145.0
10:22:57,46.0,42.0,29.0,27.0,144.0
10:22:58,46.0,43.0,29.0,28.0,146.0
10:22:59,44.0,46.0,27.0,30.0,147.0
10:23:00,45.0,46.0,26.0,29.0,146.0
10:23:01,47.0,46.0,25.0,29.0,147.0
10:23:02,49.0,45.0,26.0,28.0,148.0
10:23:03,47.0,48.0,25.0,28.0,148.0
10:23:04,48.0,47.0,27.0,29.0,151.0
10:23:05,48.0,47.0,29.0,30.0,154.0
10:23:06,47.0,47.0,27.0,31.0,152.0
10:23:07,47.0,49.0,27.0,31.0,154.0
10:23:08,48.0,52.0,27.0,29.0,156.0
10:23:09,49.0,52.0,26.0,30.0,157.0
10:23:10,51.0,51.0,25.0,30.0,157.0
10:23:11,50.0,54.0,25.0,32.0,161.0
10:23:12,52.0,53.0,27.0,33.0,165.0
10:23:13,52.0,53.0,25.0,35.0,165.0
10:23:14,50.0,55.0,25.0,36.0,166.0
10:23:15,50.0,55.0,25.0,36.0,166.0
10:23:16,49.0,56.0,25.0,37.0,167.0
10:23:17,49.0,54.0,26.0,35.0,164.0
10:23:18,51.0,56.0,21.0,36.0,164.0
10:23:19,49.0,58.0,22.0,35.0,164.0
10:23:20,48.0,61.0,23.0,34.0,166.0
10:23:21,47.0,62.0,24.0,33.0,166.0
10:23:22,45.0,63.0,28.0,32.0,168.0
10:23:23,45.0,64.0,28.0,30.0,167.0
10:23:24,44.0,67.0,28.0,30.0,169.0
10:23:25,42.0,69.0,28.0,30.0,169.0
10:23:26,39.0,72.0,28.0,29.0,168.0
10:23:27,39.0,72.0,27.0,31.0,169.0
10:23:28,37.0,74.0,26.0,32.0,169.0
10:23:29,38.0,74.0,27.0,32.0,171.0
10:23:30,38.0,73.0,28.0,31.0,170.0
10:23:31,38.0,74.0,29.0,33.0,174.0
10:23:32,36.0,75.0,29.0,33.0,173.0
10:23:33,36.0,76.0,29.0,31.0,172.0
10:23:34,35.0,80.0,32.0,29.0,176.0
10:23:35,36.0,80.0,30.0,29.0,175.0
10:23:36,37.0,80.0,31.0,27.0,175.0
10:23:37,39.0,81.0,33.0,27.0,180.0
10:23:38,37.0,81.0,33.0,27.0,178.0
10:23:39,37.0,81.0,34.0,26.0,178.0
10:23:40,39.0,82.0,31.0,26.0,178.0
10:23:41,39.0,82.0,30.0,28.0,179.0
10:23:42,37.0,83.0,26.0,29.0,175.0
10:23:43,36.0,82.0,25.0,27.0,170.0
10:23:44,36.0,83.0,26.0,28.0,173.0
10:23:45,35.0,84.0,28.0,28.0,175.0
10:23:46,34.0,84.0,28.0,28.0,174.0
10:23:47,33.0,86.0,29.0,27.0,175.0
10:23:48,32.0,86.0,29.0,27.0,174.0
10:23:49,34.0,86.0,30.0,26.0,176.0
10:23:50,32.0,88.0,34.0,26.0,180.0
10:23:51,32.0,88.0,33.0,27.0,180.0
10:23:52,33.0,89.0,33.0,25.0,180.0
10:23:53,34.0,88.0,34.0,24.0,180.0
10:23:54,33.0,90.0,35.0,22.0,180.0
10:23:55,32.0,91.0,33.0,24.0,180.0
10:23:56,31.0,90.0,31.0,23.0,175.0
10:23:57,30.0,94.0,28.0,21.0,173.0
10:23:58,29.0,92.0,30.0,21.0,172.0
10:23:59,30.0,93.0,31.0,22.0,176.0
10:24:00,29.0,95.0,33.0,22.0,179.0
10:24:01,29.0,94.0,33.0,22.0,178.0
10:24:02,30.0,96.0,31.0,22.0,179.0
10:24:03,28.0,97.0,30.0,23.0,178.0
10:24:04,26.0,95.0,33.0,23.0,177.0
10:24:05,26.0,94.0,33.0,23.0,176.0
10:24:06,26.0,95.0,35.0,23.0,179.0
10:24:07,26.0,94.0,34.0,25.0,179.0
10:24:08,29.0,94.0,29.0,27.0,179.0
10:24:09,32.0,95.0,30.0,26.0,183.0
10:24:10,33.0,95.0,31.0,25.0,184.0
10:24:11,34.0,95.0,29.0,26.0,184.0
10:24:12,37.0,96.0,28.0,25.0,186.0
10:24:13,37.0,94.0,29.0,25.0,185.0
10:24:14,35.0,97.0,30.0,27.0,189.0
10:24:15,35.0,98.0,29.0,25.0,187.0
10:24:16,36.0,99.0,28.0,25.0,188.0
10:24:17,35.0,100.0,29.0,25.0,189.0
10:24:18,35.0,99.0,30.0,25.0,189.0
10:24:19,36.0,100.0,28.0,26.0,190.0
10:24:20,36.0,101.0,28.0,26.0,191.0
10:24:21,35.0,101.0,28.0,27.0,191.0
10:24:22,35.0,103.0,27.0,26.0,191.0
10:24:23,34.0,103.0,28.0,26.0,191.0
10:24:24,34.0,106.0,27.0,25.0,192.0
10:24:25,36.0,106.0,28.0,26.0,196.0
10:24:26,37.0,105.0,28.0,27.0,197.0
10:24:27,36.0,105.0,29.0,28.0,198.0
10:24:28,36.0,105.0,28.0,27.0,196.0
10:24:29,37.0,105.0,27.0,28.0,197.0
10:24:30,36.0,106.0,27.0,27.0,196.0
10:24:31,35.0,106.0,27.0,26.0,194.0
10:24:32,35.0,106.0,25.0,26.0,192.0
10:24:33,31.0,109.0,25.0,25.0,190.0
10:24:34,28.0,112.0,25.0,24.0,189.0
10:24:35,27.0,112.0,26.0,24.0,189.0
10:24:36,28.0,113.0,27.0,24.0,192.0
10:24:37,29.0,113.0,23.0,26.0,191.0
10:24:38,28.0,115.0,23.0,25.0,191.0
10:24:39,28.0,115.0,24.0,24.0,191.0
10:24:40,27.0,114.0,25.0,25.0,191.0
10:24:41,27.0,117.0,28.0,23.0,195.0
10:24:42,27.0,116.0,28.0,24.0,195.0
10:24:43,26.0,117.0,28.0,25.0,196.0
10:24:44,25.0,117.0,30.0,25.0,197.0
10:24:45,23.0,118.0,30.0,23.0,194.0
10:24:46,23.0,114.0,30.0,25.0,192.0
10:24:47,24.0,113.0,30.0,24.0,191.0
10:24:48,26.0,113.0,29.0,25.0,193.0
10:24:49,28.0,112.0,25.0,26.0,191.0
10:24:50,29.0,109.0,24.0,25.0,187.0
10:24:51,31.0,109.0,27.0,25.0,192.0
10:24:52,32.0,108.0,29.0,26.0,195.0
10:24:53,34.0,105.0,31.0,27.0,197.0
10:24:54,36.0,106.0,31.0,27.0,200.0
10:24:55,34.0,108.0,32.0,26.0,200.0
10:24:56,34.0,108.0,33.0,25.0,200.0
10:24:57,32.0,109.0,34.0,27.0,202.0
10:24:58,30.0,110.0,34.0,26.0,200.0
10:24:59,30.0,110.0,32.0,29.0,201.0
10:25:00,31.0,110.0,30.0,30.0,201.0
10:25:01,31.0,109.0,32.0,30.0,202.0
10:25:02,32.0,109.0,31.0,29.0,201.0
10:25:03,32.0,107.0,33.0,29.0,201.0
10:25:04,32.0,107.0,31.0,30.0,200.0
10:25:05,30.0,114.0,31.0,27.0,202.0
10:25:06,31.0,114.0,31.0,27.0,203.0
10:25:07,31.0,116.0,30.0,27.0,204.0
10:25:08,30.0,117.0,29.0,28.0,204.0
10:25:09,29.0,116.0,31.0,28.0,204.0
10:25:10,30.0,115.0,30.0,29.0,204.0
10:25:11,34.0,116.0,29.0,24.0,203.0
10:25:12,34.0,114.0,29.0,27.0,204.0
10:25:13,34.0,112.0,31.0,27.0,204.0
10:25:14,34.0,114.0,31.0,24.0,203.0
10:25:15,36.0,113.0,29.0,24.0,202.0
10:25:16,37.0,111.0,31.0,25.0,204.0
10:25:17,36.0,114.0,28.0,28.0,206.0
10:25:18,39.0,115.0,28.0,28.0,210.0
10:25:19,39.0,114.0,28.0,28.0,209.0
10:25:20,39.0,113.0,26.0,28.0,206.0
10:25:21,35.0,116.0,30.0,28.0,209.0
10:25:22,36.0,117.0,31.0,26.0,210.0
10:25:23,35.0,117.0,29.0,28.0,209.0
10:25:24,36.0,118.0,32.0,28.0,214.0
10:25:25,37.0,118.0,33.0,27.0,215.0
10:25:26,40.0,119.0,33.0,26.0,218.0
10:25:27,40.0,117.0,34.0,26.0,217.0
10:25:28,39.0,118.0,33.0,26.0,216.0
10:25:29,42.0,119.0,30.0,25.0,216.0
10:25:30,40.0,121.0,32.0,25.0,218.0
10:25:31,37.0,121.0,34.0,26.0,218.0
10:25:32,36.0,122.0,31.0,27.0,216.0
10:25:33,36.0,123.0,33.0,27.0,219.0
10:25:34,36.0,124.0,36.0,28.0,224.0
10:25:35,35.0,125.0,36.0,29.0,225.0
10:25:36,37.0,125.0,34.0,29.0,225.0
10:25:37,36.0,126.0,33.0,29.0,224.0
10:25:38,34.0,126.0,31.0,31.0,222.0
10:25:39,34.0,127.0,33.0,31.0,225.0
10:25:40,34.0,125.0,31.0,32.0,222.0
10:25:41,33.0,126.0,29.0,31.0,219.0
10:25:42,33.0,127.0,31.0,32.0,223.0
10:25:43,32.0,127.0,32.0,32.0,223.0
10:25:44,32.0,130.0,30.0,31.0,223.0
10:25:45,33.0,129.0,29.0,33.0,224.0
10:25:46,32.0,130.0,30.0,35.0,227.0
10:25:47,30.0,132.0,28.0,34.0,224.0
10:25:48,27.0,134.0,28.0,33.0,222.0
10:25:49,24.0,137.0,29.0,32.0,222.0
10:25:50,25.0,139.0,30.0,29.0,223.0
10:25:51,26.0,139.0,32.0,29.0,226.0
10:25:52,28.0,140.0,30.0,30.0,228.0
10:25:53,27.0,139.0,30.0,32.0,228.0
10:25:54,28.0,141.0,29.0,32.0,230.0
10:25:55,29.0,139.0,29.0,32.0,229.0
10:25:56,29.0,141.0,32.0,31.0,233.0
10:25:57,29.0,140.0,33.0,32.0,234.0
10:25:58,31.0,139.0,32.0,32.0,234.0
10:25:59,29.0,142.0,32.0,31.0,234.0
10:26:00,28.0,140.0,31.0,31.0,230.0
10:26:01,27.0,140.0,31.0,31.0,229.0
10:26:02,27.0,139.0,29.0,33.0,228.0
10:26:03,27.0,139.0,30.0,32.0,228.0
10:26:04,25.0,138.0,31.0,31.0,225.0
10:26:05,24.0,138.0,32.0,32.0,226.0
10:26:06,23.0,137.0,32.0,31.0,223.0
10:26:07,25.0,135.0,28.0,34.0,222.0
10:26:08,24.0,137.0,28.0,31.0,220.0
10:26:09,27.0,139.0,27.0,30.0,223.0
10:26:10,26.0,139.0,27.0,28.0,220.0
10:26:11,26.0,140.0,25.0,27.0,218.0
10:26:12,28.0,140.0,25.0,24.0,217.0
10:26:13,28.0,141.0,23.0,26.0,218.0
10:26:14,28.0,140.0,25.0,25.0,218.0
10:26:15,31.0,138.0,25.0,26.0,220.0
10:26:16,29.0,136.0,28.0,26.0,219.0
10:26:17,29.0,134.0,29.0,27.0,219.0
10:26:18,28.0,134.0,30.0,27.0,219.0
10:26:19,27.0,134.0,31.0,27.0,219.0
10:26:20,27.0,135.0,31.0,26.0,219.0
10:26:21,28.0,133.0,31.0,26.0,218.0
10:26:22,27.0,132.0,32.0,28.0,219.0
10:26:23,25.0,134.0,33.0,27.0,219.0
10:26:24,23.0,135.0,34.0,26.0,218.0
10:26:25,24.0,132.0,33.0,27.0,216.0
10:26:26,24.0,130.0,35.0,27.0,216.0
10:26:27,23.0,128.0,35.0,25.0,211.0
10:26:28,23.0,128.0,34.0,28.0,213.0
10:26:29,25.0,129.0,31.0,29.0,214.0
10:26:30,24.0,131.0,32.0,29.0,216.0
10:26:31,24.0,130.0,32.0,31.0,217.0
10:26:32,27.0,130.0,29.0,28.0,214.0
10:26:33,26.0,132.0,27.0,29.0,214.0
10:26:34,25.0,129.0,29.0,30.0,213.0
10:26:35,25.0,129.0,30.0,31.0,215.0
10:26:36,25.0,128.0,32.0,31.0,216.0
10:26:37,27.0,127.0,35.0,30.0,219.0
10:26:38,28.0,127.0,34.0,32.0,221.0
10:26:39,27.0,130.0,35.0,33.0,225.0
10:26:40,28.0,126.0,35.0,32.0,221.0
10:26:41,28.0,126.0,33.0,34.0,221.0
10:26:42,27.0,130.0,34.0,32.0,223.0
10:26:43,28.0,129.0,35.0,32.0,224.0
10:26:44,28.0,131.0,34.0,31.0,224.0
10:26:45,27.0,131.0,34.0,30.0,222.0
10:26:46,28.0,131.0,32.0,31.0,222.0
10:26:47,29.0,132.0,30.0,30.0,221.0
10:26:48,28.0,132.0,30.0,29.0,219.0
10:26:49,28.0,131.0,29.0,30.0,218.0
10:26:50,26.0,131.0,32.0,30.0,219.0
10:26:51,27.0,133.0,33.0,30.0,223.0
10:26:52,23.0,134.0,34.0,30.0,221.0
10:26:53,23.0,135.0,34.0,29.0,221.0
10:26:54,22.0,136.0,36.0,28.0,222.0
10:26:55,22.0,133.0,35.0,31.0,221.0
10:26:56,22.0,131.0,34.0,31.0,218.0
10:26:57,23.0,133.0,32.0,31.0,219.0
10:26:58,22.0,132.0,32.0,33.0,219.0
10:26:59,22.0,129.0,31.0,35.0,217.0
10:27:00,22.0,129.0,30.0,36.0,217.0
10:27:01,21.0,130.0,30.0,39.0,220.0
10:27:02,21.0,130.0,32.0,39.0,222.0
10:27:03,22.0,130.0,33.0,38.0,223.0
10:27:04,22.0,128.0,33.0,39.0,222.0
10:27:05,23.0,128.0,30.0,41.0,222.0
10:27:06,23.0,127.0,31.0,38.0,219.0
10:27:07,25.0,125.0,32.0,39.0,221.0
10:27:08,26.0,123.0,30.0,38.0,217.0
10:27:09,26.0,124.0,27.0,37.0,214.0
10:27:10,28.0,124.0,29.0,34.0,215.0
10:27:11,29.0,124.0,31.0,34.0,218.0
10:27:12,30.0,123.0,29.0,37.0,219.0
10:27:13,31.0,125.0,28.0,33.0,217.0
10:27:14,32.0,124.0,31.0,33.0,220.0
10:27:15,32.0,127.0,30.0,32.0,221.0
10:27:16,31.0,129.0,27.0,32.0,219.0
10:27:17,31.0,127.0,25.0,32.0,215.0
10:27:18,32.0,128.0,25.0,30.0,215.0
10:27:19,31.0,126.0,26.0,29.0,212.0
10:27:20,32.0,125.0,25.0,27.0,209.0
10:27:21,34.0,124.0,24.0,26.0,208.0
10:27:22,33.0,125.0,24.0,26.0,208.0
10:27:23,30.0,128.0,24.0,26.0,208.0
10:27:24,32.0,128.0,23.0,27.0,210.0
10:27:25,31.0,127.0,24.0,28.0,210.0
10:27:26,28.0,128.0,25.0,28.0,209.0
10:27:27,27.0,128.0,24.0,26.0,205.0
10:27:28,26.0,126.0,25.0,27.0,204.0
10:27:29,24.0,129.0,26.0,25.0,204.0
10:27:30,22.0,130.0,26.0,25.0,203.0
10:27:31,22.0,130.0,26.0,24.0,202.0
10:27:32,22.0,128.0,26.0,25.0,201.0
10:27:33,21.0,129.0,27.0,24.0,201.0
10:27:34,18.0,129.0,28.0,24.0,199.0
10:27:35,18.0,128.0,28.0,23.0,197.0
10:27:36,18.0,127.0,27.0,25.0,197.0
10:27:37,18.0,126.0,27.0,24.0,195.0
10:27:38,19.0,125.0,28.0,22.0,194.0
10:27:39,19.0,125.0,28.0,22.0,194.0
10:27:40,21.0,124.0,27.0,23.0,195.0
10:27:41,20.0,123.0,28.0,23.0,194.0
10:27:42,20.0,122.0,28.0,22.0,192.0
10:27:43,21.0,119.0,28.0,22.0,190.0
10:27:44,22.0,117.0,25.0,24.0,188.0
10:27:45,23.0,117.0,24.0,24.0,188.0
10:27:46,22.0,116.0,24.0,25.0,187.0
10:27:47,23.0,113.0,22.0,26.0,184.0
10:27:48,21.0,114.0,25.0,25.0,185.0
10:27:49,21.0,112.0,25.0,24.0,182.0
10:27:50,22.0,110.0,25.0,24.0,181.0
10:27:51,22.0,107.0,25.0,24.0,178.0
10:27:52,21.0,107.0,26.0,26.0,180.0
10:27:53,20.0,104.0,27.0,24.0,175.0
10:27:54,20.0,102.0,27.0,24.0,173.0
10:27:55,20.0,101.0,27.0,24.0,172.0
10:27:56,20.0,97.0,29.0,24.0,170.0
10:27:57,20.0,95.0,29.0,24.0,168.0
10:27:58,20.0,92.0,28.0,23.0,163.0
10:27:59,21.0,89.0,28.0,23.0,161.0
10:28:00,22.0,88.0,29.0,23.0,162.0
10:28:01,21.0,87.0,28.0,24.0,160.0
10:28:02,22.0,87.0,27.0,27.0,163.0
10:28:03,21.0,88.0,27.0,26.0,162.0
10:28:04,20.0,86.0,27.0,26.0,159.0
10:28:05,20.0,85.0,27.0,26.0,158.0
10:28:06,18.0,84.0,29.0,26.0,157.0
10:28:07,19.0,83.0,28.0,26.0,156.0
10:28:08,19.0,82.0,29.0,26.0,156.0
10:28:09,18.0,81.0,31.0,25.0,155.0
10:28:10,17.0,79.0,30.0,26.0,152.0
10:28:11,17.0,78.0,30.0,26.0,151.0
10:28:12,18.0,77.0,28.0,27.0,150.0
10:28:13,18.0,76.0,27.0,28.0,149.0
10:28:14,18.0,76.0,26.0,28.0,148.0
10:28:15,19.0,75.0,28.0,28.0,150.0
10:28:16,19.0,75.0,28.0,27.0,149.0
10:28:17,19.0,75.0,28.0,27.0,149.0
10:28:18,19.0,74.0,27.0,27.0,147.0
10:28:19,21.0,73.0,26.0,28.0,148.0
10:28:20,20.0,73.0,27.0,28.0,148.0
10:28:21,22.0,71.0,28.0,30.0,151.0
10:28:22,23.0,68.0,28.0,31.0,150.0
10:28:23,24.0,67.0,30.0,31.0,152.0
10:28:24,24.0,66.0,30.0,32.0,152.0
10:28:25,24.0,67.0,28.0,30.0,149.0
10:28:26,24.0,67.0,29.0,31.0,151.0
10:28:27,23.0,67.0,30.0,30.0,150.0
10:28:28,23.0,67.0,32.0,30.0,152.0
10:28:29,22.0,66.0,32.0,30.0,150.0
10:28:30,22.0,65.0,33.0,31.0,151.0
10:28:31,22.0,63.0,32.0,32.0,149.0
10:28:32,22.0,63.0,32.0,31.0,148.0
10:28:33,23.0,62.0,30.0,31.0,146.0
10:28:34,23.0,62.0,31.0,31.0,147.0
10:28:35,23.0,61.0,31.0,30.0,145.0
10:28:36,23.0,61.0,32.0,31.0,147.0
10:28:37,23.0,62.0,34.0,30.0,149.0
10:28:38,23.0,62.0,35.0,30.0,150.0
10:28:39,23.0,61.0,34.0,30.0,148.0
10:28:40,23.0,61.0,36.0,28.0,148.0
10:28:41,24.0,62.0,36.0,27.0,149.0
10:28:42,25.0,62.0,35.0,28.0,150.0
10:28:43,24.0,62.0,34.0,29.0,149.0
10:28:44,24.0,63.0,36.0,28.0,151.0
10:28:45,26.0,63.0,34.0,28.0,151.0
10:28:46,25.0,63.0,34.0,29.0,151.0
10:28:47,24.0,63.0,33.0,30.0,150.0
10:28:48,24.0,61.0,35.0,29.0,149.0
10:28:49,25.0,59.0,35.0,29.0,148.0
10:28:50,25.0,59.0,36.0,29.0,149.0
10:28:51,23.0,58.0,39.0,30.0,150.0
10:28:52,23.0,57.0,39.0,30.0,149.0
10:28:53,22.0,57.0,39.0,30.0,148.0
10:28:54,22.0,57.0,39.0,31.0,149.0
10:28:55,22.0,57.0,38.0,32.0,149.0
10:28:56,22.0,57.0,36.0,32.0,147.0
10:28:57,21.0,57.0,35.0,33.0,146.0
10:28:58,21.0,57.0,34.0,35.0,147.0
10:28:59,21.0,55.0,34.0,35.0,145.0
10:29:00,22.0,55.0,34.0,34.0,145.0
10:29:01,21.0,54.0,35.0,35.0,145.0
10:29:02,24.0,53.0,30.0,36.0,143.0
10:29:03,22.0,52.0,31.0,36.0,141.0
10:29:04,22.0,52.0,31.0,36.0,141.0
10:29:05,19.0,52.0,31.0,38.0,140.0
10:29:06,19.0,52.0,30.0,39.0,140.0
10:29:07,20.0,52.0,30.0,40.0,142.0
10:29:08,21.0,53.0,29.0,40.0,143.0
10:29:09,21.0,52.0,29.0,37.0,139.0
10:29:10,21.0,51.0,28.0,38.0,138.0
10:29:11,21.0,51.0,28.0,38.0,138.0
10:29:12,20.0,51.0,30.0,38.0,139.0
10:29:13,20.0,51.0,31.0,37.0,139.0
10:29:14,20.0,50.0,32.0,36.0,138.0
10:29:15,19.0,51.0,32.0,37.0,139.0
10:29:16,19.0,51.0,32.0,36.0,138.0
10:29:17,20.0,51.0,32.0,36.0,139.0
10:29:18,21.0,52.0,31.0,34.0,138.0
10:29:19,21.0,52.0,30.0,35.0,138.0
10:29:20,22.0,53.0,30.0,34.0,139.0
10:29:21,22.0,54.0,30.0,34.0,140.0
10:29:22,21.0,54.0,30.0,34.0,139.0
10:29:23,22.0,54.0,28.0,34.0,138.0
10:29:24,20.0,53.0,28.0,34.0,135.0
10:29:25,20.0,53.0,28.0,34.0,135.0
10:29:26,20.0,53.0,27.0,35.0,135.0
10:29:27,20.0,53.0,27.0,35.0,135.0
10:29:28,20.0,53.0,27.0,36.0,136.0
10:29:29,21.0,53.0,27.0,36.0,137.0
10:29:30,23.0,51.0,29.0,37.0,140.0
10:29:31,23.0,50.0,29.0,36.0,138.0
10:29:32,23.0,50.0,29.0,34.0,136.0
10:29:33,23.0,49.0,29.0,34.0,135.0
10:29:34,23.0,48.0,30.0,32.0,133.0
10:29:35,23.0,49.0,29.0,32.0,133.0
10:29:36,23.0,47.0,29.0,32.0,131.0
10:29:37,22.0,47.0,29.0,33.0,131.0
10:29:38,22.0,46.0,29.0,32.0,129.0
10:29:39,22.0,45.0,29.0,32.0,128.0
10:29:40,22.0,44.0,29.0,32.0,127.0
10:29:41,21.0,45.0,30.0,32.0,128.0
10:29:42,18.0,45.0,33.0,31.0,127.0
10:29:43,18.0,45.0,33.0,32.0,128.0
10:29:44,18.0,45.0,33.0,31.0,127.0
10:29:45,19.0,44.0,31.0,35.0,129.0
10:29:46,18.0,44.0,33.0,34.0,129.0
10:29:47,18.0,43.0,33.0,33.0,127.0
10:29:48,18.0,43.0,33.0,34.0,128.0
10:29:49,17.0,43.0,33.0,35.0,128.0
10:29:50,16.0,44.0,34.0,35.0,129.0
10:29:51,17.0,42.0,34.0,35.0,128.0
10:29:52,18.0,42.0,34.0,35.0,129.0
10:29:53,19.0,41.0,35.0,34.0,129.0
10:29:54,19.0,42.0,38.0,32.0,131.0
10:29:55,19.0,42.0,37.0,32.0,130.0
10:29:56,19.0,40.0,36.0,34.0,129.0
10:29:57,20.0,39.0,36.0,32.0,127.0
10:29:58,21.0,39.0,35.0,31.0,126.0
10:29:59,21.0,38.0,35.0,31.0,125.0
10:30:00,22.0,38.0,38.0,31.0,129.0
10:30:01,23.0,38.0,38.0,31.0,130.0
10:30:02,23.0,38.0,38.0,31.0,130.0
10:30:03,23.0,38.0,38.0,30.0,129.0
10:30:04,24.0,38.0,38.0,30.0,130.0
10:30:05,24.0,38.0,38.0,29.0,129.0
10:30:06,23.0,37.0,40.0,28.0,128.0
10:30:07,24.0,36.0,38.0,29.0,127.0
10:30:08,24.0,36.0,37.0,29.0,126.0
10:30:09,22.0,37.0,38.0,29.0,126.0
10:30:10,21.0,38.0,38.0,30.0,127.0
10:30:11,22.0,38.0,36.0,30.0,126.0
10:30:12,22.0,39.0,36.0,29.0,126.0
10:30:13,22.0,39.0,36.0,29.0,126.0
10:30:14,22.0,39.0,37.0,29.0,127.0
10:30:15,21.0,38.0,37.0,29.0,125.0
10:30:16,22.0,38.0,37.0,28.0,125.0
10:30:17,19.0,38.0,37.0,29.0,123.0
10:30:18,18.0,37.0,37.0,31.0,123.0
10:30:19,17.0,37.0,38.0,30.0,122.0
10:30:20,17.0,37.0,38.0,30.0,122.0
10:30:21,18.0,37.0,38.0,29.0,122.0
10:30:22,19.0,36.0,39.0,29.0,123.0
10:30:23,19.0,36.0,39.0,29.0,123.0
10:30:24,16.0,38.0,41.0,28.0,123.0
10:30:25,15.0,38.0,41.0,27.0,121.0
10:30:26,15.0,38.0,42.0,27.0,122.0
10:30:27,15.0,37.0,39.0,27.0,118.0
10:30:28,16.0,37.0,39.0,28.0,120.0
10:30:29,17.0,37.0,37.0,28.0,119.0
10:30:30,17.0,37.0,37.0,28.0,119.0
10:30:31,17.0,36.0,37.0,28.0,118.0
10:30:32,19.0,35.0,34.0,29.0,117.0
10:30:33,21.0,35.0,34.0,29.0,119.0
10:30:34,19.0,34.0,33.0,28.0,114.0
10:30:35,18.0,34.0,34.0,30.0,116.0
10:30:36,17.0,34.0,35.0,29.0,115.0
10:30:37,17.0,34.0,35.0,30.0,116.0
10:30:38,18.0,32.0,32.0,32.0,114.0
10:30:39,18.0,32.0,31.0,34.0,115.0
10:30:40,18.0,32.0,30.0,34.0,114.0
10:30:41,16.0,33.0,32.0,33.0,114.0
10:30:42,16.0,33.0,32.0,33.0,114.0
10:30:43,16.0,33.0,31.0,33.0,113.0
10:30:44,15.0,34.0,33.0,33.0,115.0
10:30:45,14.0,35.0,33.0,32.0,114.0
10:30:46,13.0,34.0,33.0,32.0,112.0
10:30:47,14.0,33.0,33.0,34.0,114.0
10:30:48,15.0,33.0,33.0,34.0,115.0
10:30:49,15.0,33.0,32.0,36.0,116.0
10:30:50,15.0,32.0,33.0,35.0,115.0
10:30:51,15.0,33.0,33.0,35.0,116.0
10:30:52,16.0,33.0,32.0,36.0,117.0
10:30:53,16.0,33.0,33.0,35.0,117.0
10:30:54,18.0,34.0,33.0,34.0,119.0
10:30:55,18.0,34.0,32.0,35.0,119.0
10:30:56,19.0,33.0,33.0,35.0,120.0
10:30:57,18.0,33.0,36.0,36.0,123.0
10:30:58,18.0,32.0,36.0,37.0,123.0
10:30:59,18.0,30.0,37.0,36.0,121.0
10:31:00,18.0,30.0,37.0,36.0,121.0
10:31:01,18.0,29.0,39.0,34.0,120.0
10:31:02,18.0,29.0,38.0,36.0,121.0
10:31:03,19.0,29.0,34.0,36.0,118.0
10:31:04,20.0,30.0,34.0,35.0,119.0
10:31:05,20.0,30.0,33.0,34.0,117.0
10:31:06,20.0,30.0,33.0,33.0,116.0
10:31:07,19.0,30.0,36.0,33.0,118.0
10:31:08,18.0,30.0,37.0,34.0,119.0
10:31:09,18.0,30.0,34.0,36.0,118.0
10:31:10,18.0,29.0,34.0,36.0,117.0
10:31:11,19.0,29.0,35.0,36.0,119.0
10:31:12,20.0,29.0,36.0,35.0,120.0
10:31:13,19.0,29.0,35.0,36.0,119.0
10:31:14,18.0,29.0,33.0,36.0,116.0
10:31:15,18.0,29.0,32.0,37.0,116.0
10:31:16,17.0,29.0,30.0,37.0,113.0
10:31:17,20.0,29.0,29.0,37.0,115.0
10:31:18,19.0,28.0,28.0,38.0,113.0
10:31:19,20.0,28.0,29.0,38.0,115.0
10:31:20,19.0,27.0,29.0,38.0,113.0
10:31:21,18.0,27.0,31.0,38.0,114.0
10:31:22,18.0,26.0,29.0,39.0,112.0
10:31:23,19.0,25.0,30.0,38.0,112.0
10:31:24,19.0,25.0,30.0,38.0,112.0
10:31:25,18.0,24.0,30.0,38.0,110.0
10:31:26,18.0,24.0,32.0,38.0,112.0
10:31:27,17.0,24.0,32.0,37.0,110.0
10:31:28,16.0,24.0,33.0,37.0,110.0
10:31:29,16.0,23.0,32.0,37.0,108.0
10:31:30,15.0,24.0,32.0,37.0,108.0
10:31:31,15.0,23.0,32.0,37.0,107.0
10:31:32,15.0,24.0,34.0,37.0,110.0
10:31:33,15.0,24.0,33.0,38.0,110.0
10:31:34,14.0,24.0,33.0,38.0,109.0
10:31:35,14.0,23.0,33.0,37.0,107.0
10:31:36,14.0,23.0,31.0,37.0,105.0
10:31:37,14.0,22.0,29.0,38.0,103.0
10:31:38,14.0,22.0,29.0,38.0,103.0
10:31:39,14.0,22.0,28.0,39.0,103.0
10:31:40,15.0,22.0,26.0,40.0,103.0
10:31:41,15.0,21.0,27.0,40.0,103.0
10:31:42,16.0,20.0,26.0,40.0,102.0
10:31:43,16.0,20.0,25.0,39.0,100.0
10:31:44,15.0,20.0,25.0,40.0,100.0
10:31:45,15.0,20.0,25.0,40.0,100.0
10:31:46,15.0,19.0,24.0,39.0,97.0
10:31:47,14.0,18.0,22.0,39.0,93.0
10:31:48,16.0,19.0,22.0,39.0,96.0
10:31:49,16.0,19.0,20.0,38.0,93.0
10:31:50,18.0,19.0,21.0,37.0,95.0
10:31:51,18.0,19.0,21.0,38.0,96.0
10:31:52,17.0,19.0,22.0,38.0,96.0
10:31:53,16.0,18.0,25.0,38.0,97.0
10:31:54,17.0,18.0,26.0,38.0,99.0
10:31:55,17.0,18.0,27.0,38.0,100.0
10:31:56,17.0,18.0,27.0,38.0,100.0
10:31:57,18.0,17.0,27.0,38.0,100.0
10:31:58,18.0,17.0,27.0,38.0,100.0
10:31:59,19.0,17.0,28.0,38.0,102.0
10:32:00,20.0,17.0,28.0,38.0,103.0
10:32:01,18.0,16.0,31.0,39.0,104.0
10:32:02,18.0,16.0,30.0,41.0,105.0
10:32:03,18.0,15.0,30.0,41.0,104.0
10:32:04,18.0,15.0,29.0,41.0,103.0
10:32:05,18.0,15.0,28.0,42.0,103.0
10:32:06,17.0,15.0,31.0,42.0,105.0
10:32:07,17.0,15.0,30.0,44.0,106.0
10:32:08,17.0,15.0,30.0,43.0,105.0
10:32:09,16.0,15.0,30.0,43.0,104.0
10:32:10,15.0,15.0,28.0,43.0,101.0
10:32:11,16.0,14.0,27.0,41.0,98.0
10:32:12,16.0,14.0,27.0,41.0,98.0
10:32:13,15.0,15.0,28.0,42.0,100.0
10:32:14,15.0,15.0,29.0,42.0,101.0
10:32:15,15.0,15.0,25.0,43.0,98.0
10:32:16,15.0,15.0,26.0,43.0,99.0
10:32:17,15.0,15.0,27.0,42.0,99.0
10:32:18,14.0,15.0,28.0,41.0,98.0
10:32:19,14.0,15.0,27.0,44.0,100.0
10:32:20,16.0,15.0,27.0,44.0,102.0
10:32:21,17.0,15.0,26.0,43.0,101.0
10:32:22,16.0,15.0,28.0,44.0,103.0
10:32:23,15.0,15.0,28.0,44.0,102.0
10:32:24,15.0,15.0,29.0,44.0,103.0
10:32:25,15.0,15.0,29.0,44.0,103.0
10:32:26,14.0,14.0,28.0,43.0,99.0
10:32:27,15.0,14.0,27.0,43.0,99.0
10:32:28,16.0,13.0,27.0,42.0,98.0
10:32:29,16.0,13.0,28.0,42.0,99.0
10:32:30,16.0,13.0,27.0,43.0,99.0
10:32:31,14.0,14.0,29.0,40.0,97.0
10:32:32,14.0,14.0,29.0,40.0,97.0
10:32:33,13.0,15.0,28.0,41.0,97.0
10:32:34,13.0,15.0,28.0,41.0,97.0
10:32:35,14.0,16.0,28.0,41.0,99.0
10:32:36,12.0,16.0,27.0,41.0,96.0
10:32:37,12.0,14.0,28.0,39.0,93.0
10:32:38,14.0,14.0,27.0,38.0,93.0
10:32:39,13.0,14.0,28.0,38.0,93.0
10:32:40,13.0,14.0,29.0,39.0,95.0
10:32:41,12.0,14.0,28.0,40.0,94.0
10:32:42,14.0,14.0,27.0,41.0,96.0
10:32:43,15.0,14.0,27.0,42.0,98.0
10:32:44,17.0,14.0,26.0,43.0,100.0
10:32:45,18.0,14.0,25.0,42.0,99.0
10:32:46,18.0,14.0,25.0,42.0,99.0
10:32:47,17.0,15.0,27.0,41.0,100.0
10:32:48,17.0,15.0,27.0,43.0,102.0
10:32:49,18.0,15.0,28.0,42.0,103.0
10:32:50,18.0,16.0,27.0,42.0,103.0
10:32:51,18.0,16.0,27.0,41.0,102.0
10:32:52,19.0,16.0,28.0,40.0,103.0
10:32:53,19.0,16.0,29.0,40.0,104.0
10:32:54,19.0,16.0,29.0,40.0,104.0
10:32:55,20.0,16.0,28.0,40.0,104.0
10:32:56,20.0,16.0,26.0,40.0,102.0
10:32:57,21.0,16.0,27.0,40.0,104.0
10:32:58,21.0,16.0,28.0,40.0,105.0
10:32:59,21.0,17.0,28.0,40.0,106.0
10:33:00,21.0,17.0,28.0,41.0,107.0
10:33:01,20.0,17.0,28.0,40.0,105.0
10:33:02,20.0,17.0,29.0,37.0,103.0
10:33:03,20.0,17.0,30.0,37.0,104.0
10:33:04,19.0,18.0,31.0,38.0,106.0
10:33:05,20.0,18.0,30.0,38.0,106.0
10:33:06,19.0,19.0,28.0,39.0,105.0
10:33:07,19.0,19.0,27.0,40.0,105.0
10:33:08,19.0,19.0,26.0,39.0,103.0
10:33:09,19.0,19.0,27.0,40.0,105.0
10:33:10,18.0,19.0,27.0,41.0,105.0
10:33:11,18.0,19.0,28.0,40.0,105.0
10:33:12,18.0,19.0,28.0,39.0,104.0
10:33:13,20.0,19.0,26.0,39.0,104.0
10:33:14,20.0,19.0,26.0,39.0,104.0
10:33:15,20.0,19.0,24.0,39.0,102.0
10:33:16,20.0,18.0,25.0,39.0,102.0
10:33:17,19.0,18.0,26.0,37.0,100.0
10:33:18,19.0,18.0,25.0,38.0,100.0
10:33:19,20.0,18.0,25.0,37.0,100.0
10:33:20,20.0,18.0,26.0,38.0,102.0
10:33:21,22.0,18.0,25.0,38.0,103.0
10:33:22,22.0,18.0,26.0,39.0,105.0
10:33:23,24.0,18.0,24.0,39.0,105.0
10:33:24,23.0,18.0,27.0,39.0,107.0
10:33:25,25.0,18.0,25.0,39.0,107.0
10:33:26,26.0,18.0,24.0,40.0,108.0
10:33:27,26.0,18.0,25.0,40.0,109.0
10:33:28,26.0,18.0,26.0,39.0,109.0
10:33:29,25.0,18.0,27.0,39.0,109.0
10:33:30,27.0,18.0,25.0,39.0,109.0
10:33:31,27.0,18.0,25.0,38.0,108.0
10:33:32,27.0,19.0,25.0,38.0,109.0
10:33:33,28.0,18.0,24.0,39.0,109.0
10:33:34,29.0,18.0,23.0,39.0,109.0
10:33:35,30.0,18.0,22.0,40.0,110.0
10:33:36,30.0,18.0,20.0,41.0,109.0
10:33:37,30.0,18.0,20.0,41.0,109.0
10:33:38,29.0,18.0,20.0,42.0,109.0
10:33:39,29.0,18.0,20.0,42.0,109.0
10:33:40,26.0,19.0,20.0,42.0,107.0
10:33:41,26.0,19.0,19.0,42.0,106.0
10:33:42,26.0,19.0,20.0,42.0,107.0
10:33:43,26.0,20.0,20.0,41.0,107.0
10:33:44,26.0,20.0,20.0,39.0,105.0
10:33:45,26.0,20.0,21.0,40.0,107.0
10:33:46,27.0,20.0,20.0,41.0,108.0
10:33:47,28.0,20.0,20.0,41.0,109.0
10:33:48,28.0,20.0,21.0,38.0,107.0
10:33:49,28.0,20.0,21.0,38.0,107.0
10:33:50,30.0,19.0,20.0,39.0,108.0
10:33:51,29.0,19.0,21.0,39.0,108.0
10:33:52,29.0,19.0,20.0,38.0,106.0
10:33:53,29.0,20.0,21.0,37.0,107.0
10:33:54,30.0,20.0,21.0,35.0,106.0
10:33:55,30.0,19.0,21.0,35.0,105.0
10:33:56,29.0,20.0,21.0,35.0,105.0
10:33:57,28.0,20.0,21.0,34.0,103.0
10:33:58,25.0,20.0,21.0,34.0,100.0
10:33:59,26.0,20.0,21.0,33.0,100.0
10:34:00,26.0,20.0,24.0,34.0,104.0
10:34:01,27.0,21.0,24.0,32.0,104.0
10:34:02,27.0,19.0,23.0,33.0,102.0
10:34:03,26.0,18.0,25.0,31.0,100.0
10:34:04,26.0,17.0,25.0,32.0,100.0
10:34:05,26.0,19.0,25.0,30.0,100.0
10:34:06,26.0,19.0,26.0,30.0,101.0
10:34:07,26.0,19.0,28.0,32.0,105.0
10:34:08,26.0,19.0,28.0,33.0,106.0
10:34:09,26.0,18.0,28.0,33.0,105.0
10:34:10,25.0,19.0,27.0,33.0,104.0
10:34:11,25.0,19.0,28.0,32.0,104.0
10:34:12,25.0,19.0,29.0,32.0,105.0
10:34:13,26.0,19.0,29.0,34.0,108.0
10:34:14,27.0,18.0,29.0,34.0,108.0
10:34:15,27.0,18.0,30.0,33.0,108.0
10:34:16,27.0,18.0,30.0,33.0,108.0
10:34:17,27.0,19.0,29.0,31.0,106.0
10:34:18,27.0,18.0,28.0,32.0,105.0
10:34:19,28.0,18.0,27.0,33.0,106.0
10:34:20,30.0,18.0,25.0,33.0,106.0
10:34:21,31.0,19.0,24.0,32.0,106.0
10:34:22,31.0,19.0,26.0,33.0,109.0
10:34:23,32.0,19.0,26.0,33.0,110.0
10:34:24,33.0,18.0,25.0,34.0,110.0
10:34:25,34.0,18.0,24.0,32.0,108.0
10:34:26,34.0,17.0,24.0,32.0,107.0
10:34:27,35.0,17.0,24.0,33.0,109.0
10:34:28,36.0,18.0,24.0,32.0,110.0
10:34:29,35.0,18.0,26.0,31.0,110.0
10:34:30,35.0,17.0,26.0,31.0,109.0
10:34:31,35.0,17.0,27.0,31.0,110.0
10:34:32,34.0,17.0,28.0,31.0,110.0
10:34:33,34.0,17.0,27.0,32.0,110.0
10:34:34,33.0,17.0,28.0,30.0,108.0
10:34:35,29.0,17.0,30.0,28.0,104.0
10:34:36,31.0,17.0,30.0,27.0,105.0
10:34:37,32.0,17.0,28.0,29.0,106.0
10:34:38,31.0,17.0,28.0,29.0,105.0
10:34:39,31.0,17.0,28.0,30.0,106.0
10:34:40,28.0,19.0,29.0,29.0,105.0
10:34:41,29.0,19.0,30.0,29.0,107.0
10:34:42,27.0,19.0,29.0,29.0,104.0
10:34:43,27.0,19.0,30.0,29.0,105.0
10:34:44,27.0,19.0,30.0,28.0,104.0
10:34:45,27.0,19.0,30.0,28.0,104.0
10:34:46,26.0,19.0,29.0,28.0,102.0
10:34:47,26.0,19.0,29.0,28.0,102.0
10:34:48,27.0,19.0,27.0,28.0,101.0
10:34:49,27.0,19.0,27.0,28.0,101.0
10:34:50,26.0,19.0,26.0,28.0,99.0
10:34:51,28.0,18.0,24.0,29.0,99.0
10:34:52,29.0,15.0,25.0,29.0,98.0
10:34:53,30.0,15.0,24.0,29.0,98.0
10:34:54,32.0,15.0,23.0,30.0,100.0
10:34:55,31.0,15.0,23.0,30.0,99.0
10:34:56,31.0,15.0,24.0,30.0,100.0
10:34:57,30.0,15.0,25.0,30.0,100.0
10:34:58,29.0,14.0,26.0,31.0,100.0
10:34:59,30.0,14.0,26.0,32.0,102.0
10:35:00,27.0,14.0,28.0,32.0,101.0
10:35:01,27.0,14.0,28.0,32.0,101.0
10:35:02,29.0,14.0,29.0,33.0,105.0
10:35:03,29.0,14.0,28.0,32.0,103.0
10:35:04,28.0,15.0,31.0,31.0,105.0
10:35:05,27.0,16.0,30.0,33.0,106.0
10:35:06,25.0,15.0,30.0,32.0,102.0
10:35:07,26.0,15.0,28.0,33.0,102.0
10:35:08,26.0,15.0,28.0,33.0,102.0
10:35:09,26.0,15.0,28.0,33.0,102.0
10:35:10,26.0,15.0,29.0,34.0,104.0
10:35:11,25.0,14.0,29.0,34.0,102.0
10:35:12,25.0,14.0,29.0,35.0,103.0
10:35:13,27.0,14.0,28.0,34.0,103.0
10:35:14,28.0,14.0,27.0,35.0,104.0
10:35:15,31.0,13.0,26.0,34.0,104.0
10:35:16,31.0,13.0,25.0,34.0,103.0
10:35:17,31.0,13.0,25.0,35.0,104.0
10:35:18,30.0,13.0,25.0,35.0,103.0
10:35:19,29.0,14.0,29.0,33.0,105.0
10:35:20,29.0,13.0,30.0,31.0,103.0
10:35:21,30.0,13.0,29.0,31.0,103.0
10:35:22,31.0,14.0,28.0,30.0,103.0
10:35:23,34.0,14.0,25.0,30.0,103.0
10:35:24,34.0,14.0,25.0,31.0,104.0
10:35:25,33.0,14.0,26.0,28.0,101.0
10:35:26,32.0,13.0,25.0,29.0,99.0
10:35:27,33.0,13.0,26.0,29.0,101.0
10:35:28,33.0,13.0,27.0,29.0,102.0
10:35:29,31.0,15.0,28.0,28.0,102.0
10:35:30,31.0,15.0,29.0,27.0,102.0
10:35:31,34.0,15.0,25.0,28.0,102.0
10:35:32,35.0,15.0,23.0,31.0,104.0
10:35:33,36.0,15.0,21.0,32.0,104.0
10:35:34,36.0,15.0,22.0,32.0,105.0
10:35:35,36.0,15.0,22.0,30.0,103.0
10:35:36,37.0,14.0,21.0,30.0,102.0
10:35:37,36.0,15.0,21.0,29.0,101.0
10:35:38,35.0,15.0,21.0,29.0,100.0
10:35:39,34.0,15.0,21.0,29.0,99.0
10:35:40,34.0,15.0,21.0,29.0,99.0
10:35:41,34.0,16.0,20.0,28.0,98.0
10:35:42,33.0,16.0,22.0,28.0,99.0
10:35:43,33.0,16.0,21.0,28.0,98.0
10:35:44,32.0,16.0,21.0,29.0,98.0
10:35:45,32.0,16.0,21.0,28.0,97.0
10:35:46,33.0,16.0,20.0,29.0,98.0
10:35:47,32.0,17.0,20.0,29.0,98.0
10:35:48,32.0,17.0,21.0,30.0,100.0
10:35:49,32.0,17.0,21.0,30.0,100.0
10:35:50,33.0,17.0,22.0,28.0,100.0
10:35:51,34.0,17.0,22.0,28.0,101.0
10:35:52,33.0,17.0,23.0,29.0,102.0
10:35:53,31.0,17.0,24.0,29.0,101.0
10:35:54,30.0,18.0,25.0,28.0,101.0
10:35:55,30.0,18.0,25.0,28.0,101.0
10:35:56,29.0,19.0,28.0,28.0,104.0
10:35:57,29.0,18.0,29.0,28.0,104.0
10:35:58,29.0,19.0,29.0,27.0,104.0
10:35:59,31.0,18.0,26.0,29.0,104.0
10:36:00,31.0,18.0,25.0,30.0,104.0
10:36:01,30.0,18.0,26.0,30.0,104.0
10:36:02,30.0,18.0,26.0,31.0,105.0
10:36:03,30.0,18.0,27.0,29.0,104.0
10:36:04,30.0,18.0,28.0,29.0,105.0
10:36:05,30.0,18.0,27.0,30.0,105.0
10:36:06,30.0,18.0,29.0,31.0,108.0
10:36:07,30.0,18.0,30.0,32.0,110.0
10:36:08,30.0,18.0,29.0,32.0,109.0
10:36:09,31.0,17.0,29.0,32.0,109.0
10:36:10,30.0,17.0,29.0,31.0,107.0
10:36:11,30.0,17.0,29.0,31.0,107.0
10:36:12,32.0,16.0,27.0,30.0,105.0
10:36:13,32.0,16.0,26.0,29.0,103.0
10:36:14,33.0,16.0,26.0,29.0,104.0
10:36:15,34.0,15.0,25.0,29.0,103.0
10:36:16,34.0,16.0,23.0,31.0,104.0
10:36:17,34.0,16.0,24.0,31.0,105.0
10:36:18,34.0,17.0,23.0,29.0,103.0
10:36:19,35.0,17.0,23.0,29.0,104.0
10:36:20,34.0,17.0,26.0,28.0,105.0
10:36:21,35.0,18.0,26.0,26.0,105.0
10:36:22,35.0,17.0,25.0,26.0,103.0
10:36:23,32.0,18.0,25.0,27.0,102.0
10:36:24,32.0,17.0,25.0,27.0,101.0
10:36:25,34.0,18.0,24.0,28.0,104.0
10:36:26,35.0,18.0,24.0,28.0,105.0
10:36:27,36.0,18.0,21.0,28.0,103.0
10:36:28,36.0,19.0,22.0,29.0,106.0
10:36:29,37.0,19.0,22.0,29.0,107.0
10:36:30,37.0,19.0,24.0,29.0,109.0
10:36:31,38.0,19.0,25.0,28.0,110.0
10:36:32,40.0,19.0,24.0,29.0,112.0
10:36:33,40.0,19.0,27.0,28.0,114.0
10:36:34,39.0,20.0,27.0,28.0,114.0
10:36:35,41.0,20.0,26.0,29.0,116.0
10:36:36,41.0,20.0,27.0,26.0,114.0
10:36:37,39.0,20.0,30.0,26.0,115.0
10:36:38,41.0,20.0,29.0,27.0,117.0
10:36:39,39.0,22.0,30.0,26.0,117.0
10:36:40,40.0,21.0,29.0,27.0,117.0
10:36:41,41.0,21.0,29.0,27.0,118.0
10:36:42,42.0,21.0,30.0,27.0,120.0
10:36:43,42.0,21.0,30.0,28.0,121.0
10:36:44,40.0,24.0,33.0,26.0,123.0
10:36:45,39.0,22.0,32.0,26.0,119.0
10:36:46,38.0,22.0,34.0,25.0,119.0
10:36:47,38.0,23.0,32.0,25.0,118.0
10:36:48,38.0,23.0,31.0,26.0,118.0
10:36:49,38.0,23.0,28.0,26.0,115.0
10:36:50,39.0,23.0,23.0,27.0,112.0
10:36:51,39.0,23.0,22.0,28.0,112.0
10:36:52,39.0,23.0,24.0,27.0,113.0
10:36:53,39.0,23.0,23.0,27.0,112.0
10:36:54,39.0,24.0,22.0,27.0,112.0
10:36:55,40.0,24.0,21.0,28.0,113.0
10:36:56,41.0,24.0,24.0,27.0,116.0
10:36:57,40.0,25.0,24.0,27.0,116.0
10:36:58,42.0,24.0,23.0,27.0,116.0
10:36:59,42.0,25.0,23.0,27.0,117.0
10:37:00,43.0,25.0,23.0,27.0,118.0
10:37:01,43.0,25.0,22.0,28.0,118.0
10:37:02,45.0,25.0,21.0,28.0,119.0
10:37:03,45.0,25.0,21.0,28.0,119.0
10:37:04,47.0,24.0,20.0,28.0,119.0
10:37:05,47.0,24.0,20.0,27.0,118.0
10:37:06,46.0,24.0,19.0,28.0,117.0
10:37:07,46.0,23.0,20.0,28.0,117.0
10:37:08,46.0,22.0,20.0,27.0,115.0
10:37:09,44.0,22.0,20.0,27.0,113.0
10:37:10,41.0,23.0,20.0,26.0,110.0
10:37:11,42.0,23.0,19.0,28.0,112.0
10:37:12,43.0,23.0,19.0,28.0,113.0
10:37:13,43.0,23.0,17.0,29.0,112.0
10:37:14,45.0,22.0,17.0,29.0,113.0
10:37:15,43.0,22.0,17.0,31.0,113.0
10:37:16,43.0,22.0,17.0,33.0,115.0
10:37:17,43.0,21.0,19.0,32.0,115.0
10:37:18,43.0,21.0,19.0,33.0,116.0
10:37:19,42.0,21.0,22.0,33.0,118.0
10:37:20,43.0,21.0,21.0,34.0,119.0
10:37:21,45.0,21.0,25.0,34.0,125.0
10:37:22,46.0,21.0,22.0,36.0,125.0
10:37:23,47.0,21.0,21.0,36.0,125.0
10:37:24,47.0,21.0,23.0,36.0,127.0
10:37:25,49.0,21.0,22.0,37.0,129.0
10:37:26,49.0,21.0,23.0,37.0,130.0
10:37:27,49.0,22.0,25.0,35.0,131.0
10:37:28,51.0,21.0,22.0,37.0,131.0
10:37:29,53.0,20.0,20.0,38.0,131.0
10:37:30,53.0,21.0,21.0,37.0,132.0
10:37:31,54.0,22.0,18.0,39.0,133.0
10:37:32,52.0,23.0,18.0,38.0,131.0
10:37:33,51.0,25.0,18.0,38.0,132.0
10:37:34,51.0,25.0,18.0,39.0,133.0
10:37:35,55.0,25.0,16.0,41.0,137.0
10:37:36,52.0,30.0,15.0,40.0,137.0
10:37:37,53.0,30.0,14.0,39.0,136.0
10:37:38,54.0,31.0,14.0,39.0,138.0
10:37:39,53.0,34.0,15.0,37.0,139.0
10:37:40,53.0,35.0,15.0,39.0,142.0
10:37:41,53.0,38.0,15.0,37.0,143.0
10:37:42,52.0,39.0,21.0,36.0,148.0
10:37:43,49.0,38.0,20.0,38.0,145.0
10:37:44,48.0,42.0,19.0,36.0,145.0
10:37:45,46.0,43.0,22.0,34.0,145.0
10:37:46,46.0,43.0,21.0,34.0,144.0
10:37:47,46.0,44.0,20.0,34.0,144.0
10:37:48,45.0,45.0,22.0,34.0,146.0
10:37:49,45.0,48.0,23.0,34.0,150.0
10:37:50,45.0,46.0,23.0,36.0,150.0
10:37:51,49.0,48.0,20.0,36.0,153.0
10:37:52,51.0,47.0,23.0,36.0,157.0
10:37:53,51.0,49.0,22.0,35.0,157.0
10:37:54,56.0,49.0,22.0,34.0,161.0
10:37:55,54.0,48.0,22.0,34.0,158.0
10:37:56,55.0,49.0,22.0,33.0,159.0
10:37:57,54.0,49.0,24.0,34.0,161.0
10:37:58,55.0,51.0,24.0,32.0,162.0
10:37:59,54.0,50.0,24.0,32.0,160.0
10:38:00,58.0,50.0,22.0,33.0,163.0
10:38:01,60.0,51.0,22.0,31.0,164.0
10:38:02,56.0,55.0,21.0,31.0,163.0
10:38:03,56.0,56.0,23.0,30.0,165.0
10:38:04,55.0,58.0,26.0,29.0,168.0
10:38:05,56.0,59.0,25.0,28.0,168.0
10:38:06,55.0,60.0,24.0,31.0,170.0
10:38:07,54.0,61.0,25.0,33.0,173.0
10:38:08,50.0,64.0,27.0,34.0,175.0
10:38:09,47.0,66.0,28.0,36.0,177.0
10:38:10,46.0,67.0,27.0,38.0,178.0
10:38:11,45.0,68.0,28.0,39.0,180.0
10:38:12,44.0,71.0,27.0,42.0,184.0
10:38:13,43.0,73.0,28.0,41.0,185.0
10:38:14,44.0,71.0,28.0,41.0,184.0
10:38:15,44.0,71.0,28.0,41.0,184.0
10:38:16,44.0,71.0,29.0,42.0,186.0
10:38:17,43.0,73.0,29.0,43.0,188.0
10:38:18,41.0,76.0,31.0,40.0,188.0
10:38:19,42.0,75.0,30.0,40.0,187.0
10:38:20,44.0,75.0,31.0,39.0,189.0
10:38:21,44.0,76.0,32.0,37.0,189.0
10:38:22,44.0,76.0,31.0,36.0,187.0
10:38:23,41.0,77.0,33.0,36.0,187.0
10:38:24,43.0,78.0,33.0,35.0,189.0
10:38:25,45.0,78.0,28.0,38.0,189.0
10:38:26,45.0,78.0,28.0,38.0,189.0
10:38:27,42.0,79.0,29.0,38.0,188.0
10:38:28,44.0,80.0,29.0,37.0,190.0
10:38:29,43.0,81.0,29.0,39.0,192.0
10:38:30,42.0,77.0,30.0,40.0,189.0
10:38:31,44.0,78.0,30.0,40.0,192.0
10:38:32,45.0,76.0,27.0,41.0,189.0
10:38:33,45.0,76.0,28.0,41.0,190.0
10:38:34,44.0,76.0,30.0,41.0,191.0
10:38:35,44.0,76.0,31.0,45.0,196.0
10:38:36,44.0,76.0,29.0,45.0,194.0
10:38:37,42.0,79.0,29.0,43.0,193.0
10:38:38,41.0,80.0,27.0,46.0,194.0
10:38:39,39.0,82.0,27.0,45.0,193.0
10:38:40,38.0,82.0,27.0,43.0,190.0
10:38:41,36.0,85.0,26.0,42.0,189.0
10:38:42,36.0,88.0,27.0,39.0,190.0
10:38:43,38.0,87.0,28.0,39.0,192.0
10:38:44,39.0,89.0,30.0,37.0,195.0
10:38:45,39.0,89.0,32.0,36.0,196.0
10:38:46,40.0,89.0,33.0,37.0,199.0
10:38:47,38.0,92.0,34.0,35.0,199.0
10:38:48,39.0,93.0,36.0,34.0,202.0
10:38:49,39.0,94.0,37.0,32.0,202.0
10:38:50,38.0,95.0,39.0,28.0,200.0
10:38:51,40.0,95.0,40.0,30.0,205.0
10:38:52,39.0,96.0,40.0,28.0,203.0
10:38:53,41.0,95.0,40.0,30.0,206.0
10:38:54,45.0,96.0,39.0,29.0,209.0
10:38:55,43.0,95.0,41.0,29.0,208.0
10:38:56,44.0,95.0,41.0,27.0,207.0
10:38:57,44.0,96.0,39.0,31.0,210.0
10:38:58,46.0,94.0,39.0,33.0,212.0
10:38:59,47.0,94.0,37.0,34.0,212.0
10:39:00,47.0,95.0,36.0,33.0,211.0
10:39:01,48.0,95.0,38.0,32.0,213.0
10:39:02,49.0,95.0,39.0,32.0,215.0
10:39:03,49.0,96.0,37.0,33.0,215.0
10:39:04,49.0,95.0,39.0,34.0,217.0
10:39:05,49.0,97.0,38.0,35.0,219.0
10:39:06,48.0,100.0,37.0,36.0,221.0
10:39:07,46.0,103.0,37.0,35.0,221.0
10:39:08,45.0,103.0,35.0,36.0,219.0
10:39:09,43.0,103.0,35.0,36.0,217.0
10:39:10,43.0,101.0,37.0,34.0,215.0
10:39:11,42.0,101.0,35.0,36.0,214.0
10:39:12,42.0,103.0,35.0,36.0,216.0
10:39:13,45.0,105.0,35.0,37.0,222.0
10:39:14,49.0,106.0,34.0,35.0,224.0
10:39:15,50.0,105.0,35.0,37.0,227.0
10:39:16,49.0,105.0,35.0,38.0,227.0
10:39:17,48.0,106.0,36.0,41.0,231.0
10:39:18,50.0,107.0,34.0,40.0,231.0
10:39:19,48.0,111.0,35.0,37.0,231.0
10:39:20,51.0,112.0,34.0,38.0,235.0
10:39:21,51.0,110.0,36.0,37.0,234.0
10:39:22,50.0,113.0,36.0,39.0,238.0
10:39:23,49.0,111.0,39.0,38.0,237.0
10:39:24,47.0,114.0,41.0,34.0,236.0
10:39:25,47.0,116.0,41.0,35.0,239.0
10:39:26,50.0,116.0,41.0,37.0,244.0
10:39:27,49.0,118.0,42.0,34.0,243.0
10:39:28,51.0,119.0,43.0,34.0,247.0
10:39:29,49.0,121.0,44.0,33.0,247.0
10:39:30,47.0,122.0,47.0,32.0,248.0
10:39:31,46.0,124.0,47.0,30.0,247.0
10:39:32,48.0,124.0,46.0,30.0,248.0
10:39:33,46.0,125.0,46.0,29.0,246.0
10:39:34,48.0,123.0,44.0,30.0,245.0
10:39:35,49.0,122.0,44.0,30.0,245.0
10:39:36,48.0,119.0,47.0,30.0,244.0
10:39:37,48.0,121.0,46.0,32.0,247.0
10:39:38,48.0,122.0,43.0,31.0,244.0
10:39:39,47.0,124.0,43.0,32.0,246.0
10:39:40,47.0,123.0,42.0,33.0,245.0
10:39:41,45.0,123.0,40.0,34.0,242.0
10:39:42,43.0,126.0,38.0,34.0,241.0
10:39:43,44.0,128.0,37.0,37.0,246.0
10:39:44,42.0,129.0,38.0,39.0,248.0
10:39:45,41.0,127.0,40.0,39.0,247.0
10:39:46,43.0,127.0,37.0,39.0,246.0
10:39:47,45.0,128.0,36.0,38.0,247.0
10:39:48,45.0,128.0,36.0,39.0,248.0
10:39:49,44.0,129.0,36.0,37.0,246.0
10:39:50,43.0,129.0,37.0,38.0,247.0
10:39:51,43.0,129.0,37.0,38.0,247.0
10:39:52,44.0,128.0,38.0,38.0,248.0
10:39:53,44.0,129.0,36.0,39.0,248.0
10:39:54,44.0,128.0,37.0,39.0,248.0
10:39:55,42.0,129.0,36.0,39.0,246.0
10:39:56,42.0,132.0,34.0,39.0,247.0
10:39:57,41.0,134.0,32.0,38.0,245.0
10:39:58,41.0,134.0,34.0,36.0,245.0
10:39:59,43.0,132.0,35.0,35.0,245.0
10:40:00,44.0,134.0,37.0,31.0,246.0
10:40:01,45.0,134.0,37.0,30.0,246.0
10:40:02,45.0,134.0,38.0,32.0,249.0
10:40:03,46.0,136.0,39.0,30.0,251.0
10:40:04,48.0,137.0,42.0,30.0,257.0
10:40:05,49.0,137.0,42.0,30.0,258.0
10:40:06,47.0,137.0,40.0,31.0,255.0
10:40:07,49.0,137.0,38.0,32.0,256.0
10:40:08,48.0,139.0,39.0,30.0,256.0
10:40:09,46.0,140.0,38.0,29.0,253.0
10:40:10,45.0,141.0,38.0,29.0,253.0
10:40:11,44.0,143.0,40.0,29.0,256.0
10:40:12,44.0,141.0,37.0,31.0,253.0
10:40:13,44.0,138.0,39.0,30.0,251.0
10:40:14,43.0,138.0,39.0,30.0,250.0
10:40:15,43.0,137.0,39.0,29.0,248.0
10:40:16,41.0,139.0,40.0,30.0,250.0
10:40:17,41.0,136.0,39.0,34.0,250.0
10:40:18,44.0,136.0,38.0,34.0,252.0
10:40:19,45.0,136.0,36.0,34.0,251.0
10:40:20,44.0,135.0,37.0,35.0,251.0
10:40:21,43.0,137.0,37.0,34.0,251.0
10:40:22,41.0,137.0,37.0,33.0,248.0
10:40:23,41.0,135.0,35.0,36.0,247.0
10:40:24,41.0,136.0,38.0,34.0,249.0
10:40:25,40.0,137.0,38.0,35.0,250.0
10:40:26,37.0,141.0,36.0,38.0,252.0
10:40:27,36.0,141.0,34.0,40.0,251.0
10:40:28,37.0,141.0,34.0,39.0,251.0
10:40:29,36.0,144.0,33.0,38.0,251.0
10:40:30,37.0,144.0,30.0,37.0,248.0
10:40:31,38.0,144.0,32.0,38.0,252.0
10:40:32,38.0,140.0,31.0,39.0,248.0
10:40:33,38.0,141.0,30.0,38.0,247.0
10:40:34,38.0,140.0,31.0,38.0,247.0
10:40:35,36.0,139.0,32.0,36.0,243.0
10:40:36,37.0,139.0,34.0,36.0,246.0
10:40:37,37.0,140.0,34.0,35.0,246.0
10:40:38,38.0,137.0,32.0,35.0,242.0
10:40:39,35.0,138.0,32.0,35.0,240.0
10:40:40,35.0,137.0,31.0,36.0,239.0
10:40:41,33.0,137.0,32.0,35.0,237.0
10:40:42,35.0,137.0,32.0,34.0,238.0
10:40:43,36.0,137.0,32.0,35.0,240.0
10:40:44,33.0,139.0,33.0,33.0,238.0
10:40:45,34.0,138.0,33.0,32.0,237.0
10:40:46,35.0,139.0,33.0,33.0,240.0
10:40:47,34.0,139.0,33.0,35.0,241.0
10:40:48,34.0,137.0,32.0,34.0,237.0
10:40:49,32.0,136.0,32.0,35.0,235.0
10:40:50,32.0,133.0,31.0,37.0,233.0
10:40:51,32.0,130.0,30.0,39.0,231.0
10:40:52,32.0,130.0,32.0,39.0,233.0
10:40:53,32.0,130.0,32.0,40.0,234.0
10:40:54,33.0,128.0,31.0,40.0,232.0
10:40:55,34.0,129.0,31.0,40.0,234.0
10:40:56,35.0,130.0,31.0,40.0,236.0
10:40:57,35.0,130.0,30.0,41.0,236.0
10:40:58,34.0,128.0,32.0,39.0,233.0
10:40:59,31.0,130.0,31.0,39.0,231.0
10:41:00,31.0,131.0,32.0,37.0,231.0
10:41:01,32.0,130.0,34.0,36.0,232.0
10:41:02,33.0,130.0,31.0,37.0,231.0
10:41:03,33.0,126.0,28.0,40.0,227.0
10:41:04,33.0,127.0,31.0,40.0,231.0
10:41:05,33.0,127.0,30.0,38.0,228.0
10:41:06,33.0,128.0,28.0,35.0,224.0
10:41:07,32.0,129.0,26.0,35.0,222.0
10:41:08,32.0,128.0,26.0,35.0,221.0
10:41:09,32.0,127.0,25.0,38.0,222.0
10:41:10,31.0,126.0,26.0,39.0,222.0
10:41:11,32.0,123.0,27.0,41.0,223.0
10:41:12,30.0,124.0,28.0,38.0,220.0
10:41:13,32.0,124.0,30.0,35.0,221.0
10:41:14,33.0,124.0,30.0,33.0,220.0
10:41:15,32.0,125.0,27.0,36.0,220.0
10:41:16,33.0,122.0,27.0,36.0,218.0
10:41:17,32.0,124.0,26.0,35.0,217.0
10:41:18,32.0,124.0,29.0,36.0,221.0
10:41:19,33.0,122.0,28.0,35.0,218.0
10:41:20,33.0,122.0,30.0,35.0,220.0
10:41:21,35.0,122.0,30.0,35.0,222.0
10:41:22,33.0,119.0,33.0,35.0,220.0
10:41:23,33.0,116.0,34.0,37.0,220.0
10:41:24,36.0,116.0,31.0,37.0,220.0
10:41:25,38.0,113.0,29.0,38.0,218.0
10:41:26,37.0,111.0,27.0,39.0,214.0
10:41:27,37.0,110.0,26.0,37.0,210.0
10:41:28,35.0,111.0,25.0,38.0,209.0
10:41:29,38.0,110.0,23.0,38.0,209.0
10:41:30,36.0,112.0,24.0,37.0,209.0
10:41:31,34.0,115.0,25.0,38.0,212.0
10:41:32,34.0,114.0,24.0,39.0,211.0
10:41:33,34.0,112.0,24.0,40.0,210.0
10:41:34,35.0,114.0,24.0,38.0,211.0
10:41:35,35.0,112.0,22.0,40.0,209.0
10:41:36,33.0,115.0,23.0,39.0,210.0
10:41:37,33.0,116.0,25.0,38.0,212.0
10:41:38,34.0,119.0,25.0,38.0,216.0
10:41:39,33.0,117.0,27.0,38.0,215.0
10:41:40,32.0,120.0,27.0,40.0,219.0
10:41:41,35.0,120.0,30.0,35.0,220.0
10:41:42,36.0,120.0,32.0,34.0,222.0
10:41:43,38.0,118.0,31.0,36.0,223.0
10:41:44,36.0,121.0,33.0,36.0,226.0
10:41:45,36.0,121.0,33.0,36.0,226.0
10:41:46,37.0,120.0,32.0,38.0,227.0
10:41:47,35.0,120.0,32.0,39.0,226.0
10:41:48,36.0,119.0,30.0,38.0,223.0
10:41:49,36.0,121.0,28.0,38.0,223.0
10:41:50,37.0,120.0,27.0,38.0,222.0
10:41:51,36.0,120.0,27.0,38.0,221.0
10:41:52,36.0,119.0,27.0,39.0,221.0
10:41:53,35.0,116.0,25.0,41.0,217.0
10:41:54,34.0,118.0,26.0,40.0,218.0
10:41:55,32.0,118.0,27.0,40.0,217.0
10:41:56,29.0,120.0,27.0,41.0,217.0
10:41:57,29.0,123.0,27.0,38.0,217.0
10:41:58,28.0,122.0,30.0,38.0,218.0
10:41:59,28.0,123.0,31.0,37.0,219.0
10:42:00,28.0,123.0,30.0,36.0,217.0
10:42:01,26.0,122.0,29.0,38.0,215.0
10:42:02,25.0,125.0,32.0,37.0,219.0
10:42:03,24.0,124.0,34.0,38.0,220.0
10:42:04,26.0,124.0,35.0,39.0,224.0
10:42:05,29.0,124.0,31.0,41.0,225.0
10:42:06,31.0,128.0,30.0,38.0,227.0
10:42:07,31.0,126.0,31.0,38.0,226.0
10:42:08,31.0,123.0,31.0,38.0,223.0
10:42:09,31.0,124.0,30.0,39.0,224.0
10:42:10,32.0,126.0,31.0,37.0,226.0
10:42:11,34.0,125.0,31.0,36.0,226.0
10:42:12,35.0,125.0,31.0,36.0,227.0
10:42:13,35.0,123.0,31.0,37.0,226.0
10:42:14,35.0,122.0,31.0,36.0,224.0
10:42:15,33.0,123.0,31.0,34.0,221.0
10:42:16,33.0,124.0,30.0,32.0,219.0
10:42:17,35.0,124.0,26.0,32.0,217.0
10:42:18,35.0,124.0,27.0,32.0,218.0
10:42:19,35.0,127.0,28.0,30.0,220.0
10:42:20,33.0,128.0,29.0,29.0,219.0
10:42:21,30.0,131.0,29.0,29.0,219.0
10:42:22,29.0,131.0,29.0,29.0,218.0
10:42:23,29.0,133.0,28.0,29.0,219.0
10:42:24,29.0,132.0,29.0,28.0,218.0
10:42:25,27.0,133.0,28.0,26.0,214.0
10:42:26,25.0,134.0,29.0,26.0,214.0
10:42:27,25.0,134.0,33.0,27.0,219.0
10:42:28,24.0,135.0,34.0,26.0,219.0
10:42:29,24.0,135.0,33.0,26.0,218.0
10:42:30,25.0,135.0,33.0,26.0,219.0
10:42:31,24.0,135.0,33.0,27.0,219.0
10:42:32,23.0,134.0,33.0,27.0,217.0
10:42:33,23.0,134.0,33.0,28.0,218.0
10:42:34,24.0,134.0,33.0,29.0,220.0
10:42:35,23.0,135.0,33.0,30.0,221.0
10:42:36,24.0,133.0,33.0,30.0,220.0
10:42:37,23.0,130.0,35.0,28.0,216.0
10:42:38,23.0,129.0,34.0,27.0,213.0
10:42:39,23.0,129.0,34.0,26.0,212.0
10:42:40,22.0,129.0,36.0,25.0,212.0
10:42:41,21.0,127.0,37.0,26.0,211.0
10:42:42,21.0,126.0,38.0,27.0,212.0
10:42:43,23.0,124.0,37.0,28.0,212.0
10:42:44,22.0,122.0,37.0,29.0,210.0
10:42:45,22.0,121.0,36.0,28.0,207.0
10:42:46,22.0,121.0,34.0,30.0,207.0
10:42:47,21.0,122.0,34.0,30.0,207.0
10:42:48,21.0,121.0,35.0,30.0,207.0
10:42:49,22.0,120.0,35.0,30.0,207.0
10:42:50,22.0,120.0,35.0,30.0,207.0
10:42:51,21.0,119.0,34.0,32.0,206.0
10:42:52,22.0,119.0,34.0,31.0,206.0
10:42:53,24.0,117.0,33.0,31.0,205.0
10:42:54,24.0,116.0,31.0,31.0,202.0
10:42:55,24.0,116.0,31.0,32.0,203.0
10:42:56,26.0,116.0,30.0,32.0,204.0
10:42:57,26.0,114.0,29.0,31.0,200.0
10:42:58,25.0,112.0,30.0,31.0,198.0
10:42:59,23.0,113.0,30.0,31.0,197.0
10:43:00,24.0,110.0,30.0,31.0,195.0
10:43:01,24.0,110.0,30.0,31.0,195.0
10:43:02,23.0,108.0,30.0,32.0,193.0
10:43:03,24.0,106.0,30.0,33.0,193.0
10:43:04,24.0,104.0,30.0,33.0,191.0
10:43:05,24.0,104.0,31.0,32.0,191.0
10:43:06,24.0,103.0,32.0,32.0,191.0
10:43:07,24.0,101.0,32.0,32.0,189.0
10:43:08,24.0,99.0,31.0,34.0,188.0
10:43:09,24.0,98.0,30.0,35.0,187.0
10:43:10,26.0,96.0,30.0,35.0,187.0
10:43:11,24.0,94.0,32.0,33.0,183.0
10:43:12,23.0,94.0,32.0,33.0,182.0
10:43:13,23.0,93.0,32.0,32.0,180.0
10:43:14,24.0,92.0,30.0,33.0,179.0
10:43:15,22.0,92.0,33.0,34.0,181.0
10:43:16,22.0,91.0,33.0,33.0,179.0
10:43:17,22.0,89.0,34.0,33.0,178.0
10:43:18,22.0,88.0,33.0,34.0,177.0
10:43:19,20.0,89.0,35.0,34.0,178.0
10:43:20,20.0,88.0,35.0,35.0,178.0
10:43:21,20.0,87.0,37.0,35.0,179.0
10:43:22,20.0,86.0,38.0,33.0,177.0
10:43:23,20.0,85.0,36.0,34.0,175.0
10:43:24,19.0,82.0,35.0,35.0,171.0
10:43:25,21.0,82.0,34.0,36.0,173.0
10:43:26,21.0,80.0,34.0,35.0,170.0
10:43:27,22.0,79.0,33.0,36.0,170.0
10:43:28,23.0,79.0,31.0,36.0,169.0
10:43:29,23.0,77.0,32.0,37.0,169.0
10:43:30,22.0,76.0,33.0,38.0,169.0
10:43:31,21.0,75.0,34.0,38.0,168.0
10:43:32,21.0,71.0,34.0,37.0,163.0
10:43:33,21.0,68.0,34.0,37.0,160.0
10:43:34,22.0,68.0,33.0,38.0,161.0
10:43:35,22.0,68.0,31.0,39.0,160.0
10:43:36,23.0,67.0,30.0,41.0,161.0
10:43:37,24.0,67.0,29.0,41.0,161.0
10:43:38,25.0,67.0,29.0,41.0,162.0
10:43:39,27.0,66.0,28.0,40.0,161.0
10:43:40,27.0,64.0,28.0,42.0,161.0
10:43:41,27.0,64.0,29.0,42.0,162.0
10:43:42,26.0,64.0,30.0,43.0,163.0
10:43:43,26.0,62.0,29.0,44.0,161.0
10:43:44,26.0,62.0,29.0,44.0,161.0
10:43:45,25.0,61.0,29.0,45.0,160.0
10:43:46,24.0,61.0,30.0,45.0,160.0
10:43:47,24.0,61.0,31.0,44.0,160.0
10:43:48,23.0,61.0,34.0,40.0,158.0
10:43:49,21.0,61.0,35.0,40.0,157.0
10:43:50,20.0,60.0,36.0,40.0,156.0
10:43:51,19.0,59.0,37.0,40.0,155.0
10:43:52,19.0,58.0,37.0,40.0,154.0
10:43:53,20.0,57.0,36.0,40.0,153.0
10:43:54,20.0,57.0,35.0,40.0,152.0
10:43:55,19.0,57.0,36.0,41.0,153.0
10:43:56,19.0,56.0,34.0,41.0,150.0
10:43:57,19.0,56.0,35.0,40.0,150.0
10:43:58,21.0,56.0,32.0,40.0,149.0
10:43:59,22.0,55.0,32.0,40.0,149.0
10:44:00,22.0,54.0,30.0,41.0,147.0
10:44:01,22.0,51.0,29.0,41.0,143.0
10:44:02,23.0,50.0,29.0,43.0,145.0
10:44:03,22.0,50.0,31.0,43.0,146.0
10:44:04,22.0,50.0,33.0,43.0,148.0
10:44:05,22.0,50.0,33.0,42.0,147.0
10:44:06,21.0,48.0,34.0,43.0,146.0
10:44:07,21.0,48.0,34.0,43.0,146.0
10:44:08,21.0,48.0,34.0,42.0,145.0
10:44:09,20.0,47.0,33.0,43.0,143.0
10:44:10,17.0,47.0,34.0,41.0,139.0
10:44:11,17.0,48.0,32.0,40.0,137.0
10:44:12,17.0,48.0,32.0,40.0,137.0
10:44:13,18.0,48.0,31.0,41.0,138.0
10:44:14,18.0,48.0,30.0,41.0,137.0
10:44:15,18.0,48.0,32.0,42.0,140.0
10:44:16,18.0,48.0,32.0,41.0,139.0
10:44:17,18.0,48.0,34.0,39.0,139.0
10:44:18,17.0,47.0,34.0,39.0,137.0
10:44:19,17.0,47.0,33.0,40.0,137.0
10:44:20,17.0,48.0,32.0,39.0,136.0
10:44:21,17.0,48.0,32.0,39.0,136.0
10:44:22,20.0,48.0,31.0,39.0,138.0
10:44:23,21.0,48.0,30.0,40.0,139.0
10:44:24,21.0,48.0,31.0,38.0,138.0
10:44:25,23.0,44.0,30.0,37.0,134.0
10:44:26,24.0,43.0,29.0,37.0,133.0
10:44:27,26.0,44.0,28.0,36.0,134.0
10:44:28,25.0,43.0,29.0,36.0,133.0
10:44:29,25.0,43.0,28.0,34.0,130.0
10:44:30,26.0,43.0,30.0,35.0,134.0
10:44:31,24.0,42.0,32.0,33.0,131.0
10:44:32,24.0,42.0,31.0,33.0,130.0
10:44:33,22.0,42.0,33.0,34.0,131.0
10:44:34,22.0,42.0,32.0,35.0,131.0
10:44:35,21.0,40.0,32.0,35.0,128.0
10:44:36,21.0,39.0,30.0,34.0,124.0
10:44:37,21.0,39.0,31.0,35.0,126.0
10:44:38,20.0,39.0,32.0,37.0,128.0
10:44:39,21.0,39.0,31.0,36.0,127.0
10:44:40,20.0,40.0,30.0,37.0,127.0
10:44:41,19.0,40.0,29.0,38.0,126.0
10:44:42,20.0,40.0,29.0,38.0,127.0
10:44:43,20.0,41.0,31.0,37.0,129.0
10:44:44,20.0,41.0,32.0,34.0,127.0
10:44:45,21.0,42.0,34.0,33.0,130.0
10:44:46,21.0,42.0,35.0,32.0,130.0
10:44:47,21.0,42.0,38.0,30.0,131.0
10:44:48,21.0,42.0,38.0,30.0,131.0
10:44:49,21.0,41.0,36.0,32.0,130.0
10:44:50,21.0,41.0,36.0,32.0,130.0
10:44:51,22.0,41.0,34.0,33.0,130.0
10:44:52,22.0,40.0,33.0,34.0,129.0
10:44:53,19.0,41.0,34.0,35.0,129.0
10:44:54,19.0,41.0,34.0,35.0,129.0
10:44:55,18.0,41.0,34.0,35.0,128.0
10:44:56,18.0,41.0,34.0,35.0,128.0
10:44:57,18.0,40.0,34.0,35.0,127.0
10:44:58,18.0,40.0,34.0,35.0,127.0
10:44:59,18.0,40.0,33.0,36.0,127.0
10:45:00,19.0,38.0,33.0,36.0,126.0
10:45:01,20.0,38.0,32.0,36.0,126.0
10:45:02,20.0,38.0,30.0,37.0,125.0
10:45:03,20.0,37.0,30.0,37.0,124.0
10:45:04,20.0,37.0,29.0,37.0,123.0
10:45:05,19.0,37.0,28.0,37.0,121.0
10:45:06,18.0,37.0,29.0,37.0,121.0
10:45:07,18.0,36.0,28.0,37.0,119.0
10:45:08,16.0,36.0,29.0,36.0,117.0
10:45:09,17.0,35.0,28.0,36.0,116.0
10:45:10,16.0,35.0,29.0,37.0,117.0
10:45:11,16.0,35.0,28.0,37.0,116.0
10:45:12,16.0,35.0,28.0,37.0,116.0
10:45:13,15.0,35.0,28.0,37.0,115.0
10:45:14,15.0,34.0,28.0,37.0,114.0
10:45:15,16.0,34.0,29.0,36.0,115.0
10:45:16,16.0,33.0,29.0,35.0,113.0
10:45:17,16.0,32.0,31.0,35.0,114.0
10:45:18,16.0,31.0,31.0,37.0,115.0
10:45:19,16.0,31.0,33.0,36.0,116.0
10:45:20,16.0,30.0,33.0,37.0,116.0
10:45:21,18.0,30.0,31.0,36.0,115.0
10:45:22,18.0,30.0,30.0,37.0,115.0
10:45:23,18.0,29.0,29.0,36.0,112.0
10:45:24,17.0,30.0,28.0,36.0,111.0
10:45:25,17.0,30.0,28.0,35.0,110.0
10:45:26,17.0,28.0,30.0,35.0,110.0
10:45:27,16.0,29.0,31.0,34.0,110.0
10:45:28,16.0,29.0,30.0,35.0,110.0
10:45:29,16.0,29.0,29.0,36.0,110.0
10:45:30,16.0,29.0,27.0,36.0,108.0
10:45:31,16.0,29.0,27.0,36.0,108.0
10:45:32,16.0,29.0,26.0,35.0,106.0
10:45:33,16.0,29.0,26.0,34.0,105.0
10:45:34,17.0,29.0,29.0,34.0,109.0
10:45:35,17.0,29.0,27.0,36.0,109.0
10:45:36,16.0,30.0,25.0,37.0,108.0
10:45:37,16.0,30.0,25.0,36.0,107.0
10:45:38,16.0,30.0,25.0,35.0,106.0
10:45:39,16.0,28.0,25.0,34.0,103.0
10:45:40,16.0,28.0,26.0,35.0,105.0
10:45:41,16.0,28.0,24.0,36.0,104.0
10:45:42,16.0,28.0,23.0,37.0,104.0
10:45:43,16.0,28.0,23.0,37.0,104.0
10:45:44,15.0,29.0,26.0,37.0,107.0
10:45:45,14.0,29.0,26.0,37.0,106.0
10:45:46,13.0,29.0,26.0,37.0,105.0
10:45:47,14.0,29.0,27.0,38.0,108.0
10:45:48,14.0,29.0,27.0,37.0,107.0
10:45:49,14.0,29.0,27.0,38.0,108.0
10:45:50,15.0,28.0,28.0,38.0,109.0
10:45:51,15.0,28.0,27.0,40.0,110.0
10:45:52,15.0,28.0,27.0,41.0,111.0
10:45:53,16.0,29.0,26.0,41.0,112.0
10:45:54,16.0,28.0,27.0,40.0,111.0
10:45:55,16.0,28.0,29.0,38.0,111.0
10:45:56,17.0,27.0,28.0,38.0,110.0
10:45:57,17.0,28.0,27.0,38.0,110.0
10:45:58,17.0,27.0,27.0,39.0,110.0
10:45:59,17.0,27.0,27.0,39.0,110.0
10:46:00,18.0,25.0,27.0,39.0,109.0
10:46:01,19.0,25.0,26.0,39.0,109.0
10:46:02,19.0,25.0,26.0,41.0,111.0
10:46:03,17.0,25.0,28.0,41.0,111.0
10:46:04,16.0,25.0,29.0,39.0,109.0
10:46:05,16.0,26.0,30.0,38.0,110.0
10:46:06,17.0,26.0,29.0,38.0,110.0
10:46:07,18.0,26.0,29.0,39.0,112.0
10:46:08,18.0,26.0,31.0,39.0,114.0
10:46:09,18.0,25.0,31.0,39.0,113.0
10:46:10,17.0,26.0,32.0,39.0,114.0
10:46:11,17.0,26.0,32.0,40.0,115.0
10:46:12,16.0,26.0,33.0,43.0,118.0
10:46:13,16.0,26.0,33.0,43.0,118.0
10:46:14,16.0,26.0,33.0,43.0,118.0
10:46:15,17.0,25.0,32.0,44.0,118.0
10:46:16,17.0,25.0,31.0,44.0,117.0
10:46:17,17.0,24.0,29.0,45.0,115.0
10:46:18,17.0,24.0,30.0,45.0,116.0
10:46:19,17.0,24.0,29.0,45.0,115.0
10:46:20,17.0,23.0,29.0,45.0,114.0
10:46:21,16.0,22.0,28.0,46.0,112.0
10:46:22,16.0,22.0,27.0,46.0,111.0
10:46:23,16.0,22.0,26.0,48.0,112.0
10:46:24,16.0,22.0,26.0,47.0,111.0
10:46:25,15.0,24.0,27.0,46.0,112.0
10:46:26,14.0,23.0,28.0,45.0,110.0
10:46:27,14.0,22.0,27.0,47.0,110.0
10:46:28,14.0,22.0,27.0,47.0,110.0
10:46:29,15.0,22.0,28.0,45.0,110.0
10:46:30,15.0,22.0,26.0,45.0,108.0
10:46:31,16.0,22.0,25.0,44.0,107.0
10:46:32,16.0,22.0,23.0,43.0,104.0
10:46:33,16.0,21.0,23.0,43.0,103.0
10:46:34,16.0,21.0,25.0,43.0,105.0
10:46:35,15.0,21.0,25.0,43.0,104.0
10:46:36,15.0,21.0,25.0,44.0,105.0
10:46:37,15.0,22.0,25.0,43.0,105.0
10:46:38,16.0,22.0,24.0,44.0,106.0
10:46:39,16.0,21.0,24.0,45.0,106.0
10:46:40,15.0,20.0,26.0,42.0,103.0
10:46:41,16.0,20.0,25.0,41.0,102.0
10:46:42,16.0,20.0,25.0,41.0,102.0
10:46:43,15.0,21.0,26.0,41.0,103.0
10:46:44,16.0,20.0,26.0,41.0,103.0
10:46:45,16.0,20.0,26.0,40.0,102.0
10:46:46,15.0,22.0,28.0,39.0,104.0
10:46:47,15.0,22.0,28.0,37.0,102.0
10:46:48,15.0,22.0,29.0,37.0,103.0
10:46:49,15.0,22.0,29.0,37.0,103.0
10:46:50,15.0,22.0,28.0,36.0,101.0
10:46:51,15.0,21.0,27.0,36.0,99.0
10:46:52,14.0,21.0,26.0,36.0,97.0
10:46:53,14.0,21.0,26.0,35.0,96.0
10:46:54,14.0,21.0,26.0,35.0,96.0
10:46:55,13.0,21.0,26.0,34.0,94.0
10:46:56,13.0,20.0,26.0,34.0,93.0
10:46:57,14.0,20.0,25.0,36.0,95.0
10:46:58,14.0,20.0,24.0,38.0,96.0
10:46:59,14.0,20.0,26.0,38.0,98.0
10:47:00,14.0,20.0,26.0,34.0,94.0
10:47:01,15.0,20.0,26.0,34.0,95.0
10:47:02,15.0,20.0,26.0,33.0,94.0
10:47:03,16.0,20.0,26.0,32.0,94.0
10:47:04,17.0,19.0,26.0,33.0,95.0
10:47:05,17.0,19.0,26.0,33.0,95.0
10:47:06,16.0,19.0,28.0,33.0,96.0
10:47:07,16.0,19.0,28.0,34.0,97.0
10:47:08,15.0,19.0,30.0,34.0,98.0
10:47:09,16.0,19.0,31.0,34.0,100.0
10:47:10,15.0,20.0,34.0,34.0,103.0
10:47:11,14.0,20.0,36.0,33.0,103.0
10:47:12,14.0,20.0,36.0,33.0,103.0
10:47:13,14.0,20.0,35.0,34.0,103.0
10:47:14,15.0,18.0,34.0,34.0,101.0
10:47:15,15.0,18.0,34.0,36.0,103.0
10:47:16,15.0,18.0,32.0,39.0,104.0
10:47:17,15.0,18.0,32.0,39.0,104.0
10:47:18,15.0,18.0,29.0,42.0,104.0
10:47:19,13.0,17.0,31.0,41.0,102.0
10:47:20,15.0,16.0,31.0,41.0,103.0
10:47:21,15.0,17.0,31.0,40.0,103.0
10:47:22,15.0,17.0,32.0,39.0,103.0
10:47:23,16.0,17.0,31.0,39.0,103.0
10:47:24,15.0,17.0,31.0,40.0,103.0
10:47:25,15.0,17.0,31.0,41.0,104.0
10:47:26,15.0,17.0,31.0,40.0,103.0
10:47:27,15.0,17.0,31.0,40.0,103.0
10:47:28,16.0,17.0,32.0,40.0,105.0
10:47:29,18.0,17.0,31.0,39.0,105.0
10:47:30,19.0,17.0,30.0,42.0,108.0
10:47:31,20.0,16.0,30.0,41.0,107.0
10:47:32,20.0,16.0,29.0,40.0,105.0
10:47:33,20.0,16.0,28.0,41.0,105.0
10:47:34,21.0,16.0,30.0,40.0,107.0
10:47:35,22.0,15.0,33.0,40.0,110.0
10:47:36,22.0,15.0,33.0,40.0,110.0
10:47:37,22.0,16.0,34.0,39.0,111.0
10:47:38,21.0,16.0,35.0,38.0,110.0
10:47:39,21.0,16.0,35.0,38.0,110.0
10:47:40,22.0,16.0,34.0,37.0,109.0
10:47:41,23.0,16.0,32.0,38.0,109.0
10:47:42,25.0,16.0,32.0,38.0,111.0
10:47:43,24.0,18.0,32.0,36.0,110.0
10:47:44,24.0,19.0,32.0,36.0,111.0
10:47:45,25.0,19.0,32.0,37.0,113.0
10:47:46,25.0,19.0,32.0,39.0,115.0
10:47:47,26.0,19.0,32.0,40.0,117.0
10:47:48,25.0,20.0,33.0,40.0,118.0
10:47:49,24.0,20.0,34.0,41.0,119.0
10:47:50,24.0,20.0,36.0,40.0,120.0
10:47:51,24.0,20.0,35.0,41.0,120.0
10:47:52,24.0,19.0,33.0,43.0,119.0
10:47:53,24.0,19.0,33.0,43.0,119.0
10:47:54,25.0,19.0,34.0,44.0,122.0
10:47:55,26.0,19.0,35.0,44.0,124.0
10:47:56,27.0,19.0,36.0,43.0,125.0
10:47:57,26.0,19.0,34.0,45.0,124.0
10:47:58,27.0,20.0,34.0,42.0,123.0
10:47:59,26.0,20.0,34.0,42.0,122.0
10:48:00,26.0,20.0,35.0,42.0,123.0
10:48:01,29.0,20.0,33.0,41.0,123.0
10:48:02,29.0,19.0,36.0,40.0,124.0
10:48:03,30.0,19.0,37.0,41.0,127.0
10:48:04,28.0,20.0,38.0,39.0,125.0
10:48:05,29.0,20.0,36.0,40.0,125.0
10:48:06,28.0,18.0,39.0,40.0,125.0
10:48:07,30.0,19.0,39.0,38.0,126.0
10:48:08,29.0,20.0,39.0,37.0,125.0
10:48:09,31.0,20.0,40.0,36.0,127.0
10:48:10,33.0,20.0,36.0,37.0,126.0
10:48:11,33.0,20.0,35.0,38.0,126.0
10:48:12,33.0,20.0,37.0,37.0,127.0
10:48:13,32.0,20.0,37.0,36.0,125.0
10:48:14,32.0,20.0,37.0,36.0,125.0
10:48:15,33.0,20.0,37.0,36.0,126.0
10:48:16,33.0,20.0,38.0,37.0,128.0
10:48:17,33.0,20.0,38.0,37.0,128.0
10:48:18,35.0,20.0,36.0,36.0,127.0
10:48:19,35.0,20.0,38.0,35.0,128.0
10:48:20,35.0,20.0,39.0,35.0,129.0
10:48:21,37.0,20.0,37.0,36.0,130.0
10:48:22,37.0,19.0,38.0,37.0,131.0
10:48:23,37.0,19.0,39.0,35.0,130.0
10:48:24,38.0,19.0,39.0,36.0,132.0
10:48:25,38.0,19.0,38.0,34.0,129.0
10:48:26,38.0,19.0,38.0,35.0,130.0
10:48:27,37.0,20.0,39.0,35.0,131.0
10:48:28,37.0,20.0,38.0,36.0,131.0
10:48:29,36.0,20.0,38.0,36.0,130.0
10:48:30,37.0,19.0,38.0,36.0,130.0
10:48:31,38.0,19.0,39.0,36.0,132.0
10:48:32,38.0,19.0,41.0,35.0,133.0
10:48:33,39.0,19.0,40.0,34.0,132.0
10:48:34,39.0,18.0,41.0,34.0,132.0
10:48:35,40.0,19.0,39.0,33.0,131.0
10:48:36,40.0,19.0,40.0,33.0,132.0
10:48:37,41.0,19.0,36.0,35.0,131.0
10:48:38,40.0,19.0,34.0,35.0,128.0
10:48:39,41.0,18.0,33.0,34.0,126.0
10:48:40,41.0,17.0,33.0,35.0,126.0
10:48:41,43.0,17.0,32.0,36.0,128.0
10:48:42,43.0,16.0,31.0,36.0,126.0
10:48:43,43.0,17.0,31.0,33.0,124.0
10:48:44,42.0,17.0,32.0,31.0,122.0
10:48:45,41.0,17.0,32.0,30.0,120.0
10:48:46,41.0,17.0,32.0,31.0,121.0
10:48:47,41.0,17.0,32.0,31.0,121.0
10:48:48,41.0,16.0,31.0,32.0,120.0
10:48:49,39.0,16.0,31.0,32.0,118.0
10:48:50,39.0,16.0,32.0,31.0,118.0
10:48:51,37.0,16.0,32.0,32.0,117.0
10:48:52,37.0,16.0,32.0,31.0,116.0
10:48:53,36.0,16.0,35.0,30.0,117.0
10:48:54,37.0,16.0,35.0,28.0,116.0
10:48:55,37.0,16.0,35.0,28.0,116.0
10:48:56,40.0,18.0,34.0,27.0,119.0
10:48:57,41.0,18.0,32.0,27.0,118.0
10:48:58,42.0,17.0,31.0,30.0,120.0
10:48:59,41.0,18.0,34.0,30.0,123.0
10:49:00,39.0,18.0,35.0,31.0,123.0
10:49:01,39.0,18.0,36.0,32.0,125.0
10:49:02,39.0,17.0,34.0,33.0,123.0
10:49:03,43.0,17.0,31.0,35.0,126.0
10:49:04,42.0,17.0,33.0,35.0,127.0
10:49:05,44.0,17.0,32.0,35.0,128.0
10:49:06,46.0,17.0,34.0,33.0,130.0
10:49:07,49.0,16.0,31.0,33.0,129.0
10:49:08,49.0,17.0,30.0,32.0,128.0
10:49:09,48.0,17.0,32.0,32.0,129.0
10:49:10,49.0,18.0,35.0,29.0,131.0
10:49:11,50.0,18.0,35.0,29.0,132.0
10:49:12,49.0,18.0,37.0,29.0,133.0
10:49:13,48.0,18.0,37.0,28.0,131.0
10:49:14,50.0,18.0,35.0,29.0,132.0
10:49:15,50.0,18.0,35.0,29.0,132.0
10:49:16,52.0,18.0,31.0,32.0,133.0
10:49:17,52.0,18.0,31.0,32.0,133.0
10:49:18,51.0,18.0,32.0,32.0,133.0
10:49:19,53.0,17.0,29.0,33.0,132.0
10:49:20,53.0,17.0,30.0,32.0,132.0
10:49:21,52.0,18.0,29.0,34.0,133.0
10:49:22,52.0,17.0,29.0,33.0,131.0
10:49:23,53.0,17.0,29.0,34.0,133.0
10:49:24,52.0,17.0,27.0,38.0,134.0
10:49:25,51.0,17.0,28.0,37.0,133.0
10:49:26,49.0,17.0,30.0,38.0,134.0
10:49:27,50.0,18.0,32.0,38.0,138.0
10:49:28,50.0,18.0,32.0,38.0,138.0
10:49:29,52.0,18.0,31.0,39.0,140.0
10:49:30,52.0,18.0,33.0,38.0,141.0
10:49:31,53.0,18.0,34.0,36.0,141.0
10:49:32,51.0,17.0,35.0,36.0,139.0
10:49:33,49.0,17.0,35.0,37.0,138.0
10:49:34,51.0,16.0,35.0,36.0,138.0
10:49:35,51.0,15.0,36.0,37.0,139.0
10:49:36,52.0,14.0,36.0,36.0,138.0
10:49:37,53.0,14.0,33.0,35.0,135.0
10:49:38,54.0,14.0,32.0,35.0,135.0
10:49:39,55.0,14.0,33.0,36.0,138.0
10:49:40,54.0,14.0,31.0,36.0,135.0
10:49:41,54.0,15.0,29.0,35.0,133.0
10:49:42,55.0,15.0,29.0,35.0,134.0
10:49:43,54.0,16.0,30.0,34.0,134.0
10:49:44,54.0,17.0,29.0,34.0,134.0
10:49:45,54.0,17.0,29.0,35.0,135.0
10:49:46,56.0,17.0,28.0,37.0,138.0
10:49:47,56.0,17.0,29.0,35.0,137.0
10:49:48,55.0,17.0,32.0,36.0,140.0
10:49:49,55.0,17.0,31.0,37.0,140.0
10:49:50,55.0,17.0,31.0,37.0,140.0
10:49:51,55.0,17.0,34.0,35.0,141.0
10:49:52,55.0,14.0,34.0,35.0,138.0
10:49:53,57.0,14.0,33.0,36.0,140.0
10:49:54,56.0,15.0,32.0,34.0,137.0
10:49:55,57.0,15.0,33.0,33.0,138.0
10:49:56,57.0,15.0,35.0,33.0,140.0
10:49:57,57.0,15.0,36.0,32.0,140.0
10:49:58,59.0,15.0,36.0,31.0,141.0
10:49:59,58.0,15.0,37.0,31.0,141.0
10:50:00,58.0,15.0,39.0,31.0,143.0
10:50:01,58.0,15.0,41.0,29.0,143.0
10:50:02,58.0,15.0,41.0,29.0,143.0
10:50:03,58.0,14.0,39.0,29.0,140.0
10:50:04,58.0,14.0,40.0,29.0,141.0
10:50:05,60.0,14.0,38.0,29.0,141.0
10:50:06,59.0,15.0,38.0,30.0,142.0
10:50:07,60.0,15.0,37.0,30.0,142.0
10:50:08,59.0,15.0,37.0,30.0,141.0
10:50:09,58.0,15.0,37.0,30.0,140.0
10:50:10,58.0,15.0,37.0,29.0,139.0
10:50:11,59.0,15.0,37.0,29.0,140.0
10:50:12,61.0,15.0,36.0,30.0,142.0
10:50:13,61.0,15.0,34.0,32.0,142.0
10:50:14,61.0,15.0,34.0,33.0,143.0
10:50:15,59.0,15.0,33.0,34.0,141.0
10:50:16,59.0,15.0,34.0,32.0,140.0
10:50:17,59.0,14.0,34.0,33.0,140.0
10:50:18,57.0,14.0,33.0,34.0,138.0
10:50:19,59.0,15.0,31.0,35.0,140.0
10:50:20,59.0,15.0,31.0,35.0,140.0
10:50:21,59.0,15.0,30.0,35.0,139.0
10:50:22,62.0,15.0,27.0,35.0,139.0
10:50:23,64.0,15.0,27.0,35.0,141.0
10:50:24,62.0,16.0,28.0,34.0,140.0
10:50:25,60.0,17.0,28.0,33.0,138.0
10:50:26,61.0,17.0,26.0,34.0,138.0
10:50:27,62.0,17.0,25.0,34.0,138.0
10:50:28,61.0,16.0,25.0,36.0,138.0
10:50:29,60.0,17.0,26.0,36.0,139.0
10:50:30,60.0,17.0,26.0,37.0,140.0
10:50:31,59.0,17.0,28.0,36.0,140.0
10:50:32,59.0,17.0,31.0,36.0,143.0
10:50:33,59.0,18.0,30.0,36.0,143.0
10:50:34,58.0,19.0,32.0,34.0,143.0
10:50:35,58.0,19.0,34.0,34.0,145.0
10:50:36,58.0,19.0,35.0,34.0,146.0
10:50:37,58.0,19.0,36.0,35.0,148.0
10:50:38,59.0,19.0,36.0,35.0,149.0
10:50:39,58.0,20.0,37.0,35.0,150.0
10:50:40,58.0,20.0,37.0,33.0,148.0
10:50:41,58.0,20.0,37.0,32.0,147.0
10:50:42,59.0,20.0,35.0,35.0,149.0
10:50:43,58.0,21.0,37.0,34.0,150.0
10:50:44,58.0,21.0,38.0,34.0,151.0
10:50:45,57.0,21.0,37.0,35.0,150.0
10:50:46,57.0,21.0,38.0,34.0,150.0
10:50:47,57.0,20.0,39.0,32.0,148.0
10:50:48,57.0,20.0,40.0,32.0,149.0
10:50:49,58.0,20.0,40.0,35.0,153.0
10:50:50,58.0,19.0,40.0,34.0,151.0
10:50:51,59.0,19.0,38.0,35.0,151.0
10:50:52,60.0,19.0,37.0,34.0,150.0
10:50:53,59.0,19.0,36.0,35.0,149.0
10:50:54,58.0,19.0,34.0,35.0,146.0
10:50:55,60.0,18.0,32.0,35.0,145.0
10:50:56,60.0,19.0,31.0,35.0,145.0
10:50:57,58.0,19.0,34.0,33.0,144.0
10:50:58,59.0,19.0,31.0,34.0,143.0
10:50:59,59.0,19.0,31.0,33.0,142.0
10:51:00,59.0,19.0,31.0,33.0,142.0
10:51:01,58.0,20.0,30.0,31.0,139.0
10:51:02,54.0,20.0,30.0,31.0,135.0
10:51:03,56.0,21.0,29.0,30.0,136.0
10:51:04,55.0,21.0,28.0,31.0,135.0
10:51:05,55.0,21.0,30.0,31.0,137.0
10:51:06,54.0,20.0,28.0,31.0,133.0
10:51:07,54.0,19.0,29.0,31.0,133.0
10:51:08,53.0,19.0,28.0,31.0,131.0
10:51:09,53.0,19.0,27.0,31.0,130.0
10:51:10,53.0,19.0,27.0,31.0,130.0
10:51:11,52.0,18.0,30.0,32.0,132.0
10:51:12,53.0,18.0,30.0,32.0,133.0
10:51:13,52.0,17.0,30.0,32.0,131.0
10:51:14,53.0,17.0,29.0,32.0,131.0
10:51:15,53.0,17.0,30.0,32.0,132.0
10:51:16,52.0,17.0,31.0,32.0,132.0
10:51:17,54.0,17.0,33.0,30.0,134.0
10:51:18,53.0,17.0,32.0,31.0,133.0
10:51:19,53.0,17.0,32.0,31.0,133.0
10:51:20,52.0,16.0,32.0,30.0,130.0
10:51:21,52.0,15.0,33.0,29.0,129.0
10:51:22,55.0,15.0,31.0,28.0,129.0
10:51:23,54.0,15.0,33.0,24.0,126.0
10:51:24,54.0,15.0,33.0,23.0,125.0
10:51:25,53.0,15.0,34.0,23.0,125.0
10:51:26,54.0,15.0,35.0,23.0,127.0
10:51:27,57.0,15.0,34.0,24.0,130.0
10:51:28,56.0,15.0,34.0,24.0,129.0
10:51:29,55.0,15.0,34.0,24.0,128.0
10:51:30,53.0,16.0,35.0,24.0,128.0
10:51:31,55.0,16.0,32.0,24.0,127.0
10:51:32,58.0,16.0,30.0,27.0,131.0
10:51:33,56.0,17.0,30.0,27.0,130.0
10:51:34,55.0,17.0,31.0,27.0,130.0
10:51:35,55.0,17.0,33.0,27.0,132.0
10:51:36,55.0,17.0,32.0,27.0,131.0
10:51:37,55.0,17.0,34.0,26.0,132.0
10:51:38,56.0,17.0,35.0,26.0,134.0
10:51:39,54.0,16.0,35.0,26.0,131.0
10:51:40,52.0,17.0,34.0,26.0,129.0
10:51:41,51.0,18.0,35.0,25.0,129.0
10:51:42,51.0,18.0,35.0,25.0,129.0
10:51:43,51.0,18.0,35.0,24.0,128.0
10:51:44,51.0,18.0,36.0,25.0,130.0
10:51:45,50.0,17.0,36.0,26.0,129.0
10:51:46,48.0,18.0,39.0,25.0,130.0
10:51:47,47.0,19.0,39.0,25.0,130.0
10:51:48,45.0,20.0,38.0,25.0,128.0
10:51:49,45.0,20.0,39.0,25.0,129.0
10:51:50,44.0,20.0,39.0,27.0,130.0
10:51:51,45.0,20.0,36.0,29.0,130.0
10:51:52,46.0,20.0,36.0,30.0,132.0
10:51:53,45.0,21.0,36.0,30.0,132.0
10:51:54,45.0,21.0,36.0,30.0,132.0
10:51:55,43.0,21.0,38.0,32.0,134.0
10:51:56,41.0,21.0,38.0,34.0,134.0
10:51:57,41.0,20.0,39.0,34.0,134.0
10:51:58,42.0,18.0,40.0,34.0,134.0
10:51:59,41.0,18.0,40.0,33.0,132.0
10:52:00,41.0,17.0,42.0,32.0,132.0
10:52:01,41.0,17.0,42.0,32.0,132.0
10:52:02,41.0,17.0,43.0,31.0,132.0
10:52:03,41.0,17.0,43.0,31.0,132.0
10:52:04,40.0,17.0,45.0,30.0,132.0
10:52:05,40.0,17.0,45.0,32.0,134.0
10:52:06,40.0,16.0,44.0,30.0,130.0
10:52:07,41.0,17.0,44.0,28.0,130.0
10:52:08,41.0,18.0,46.0,28.0,133.0
10:52:09,41.0,18.0,45.0,30.0,134.0
10:52:10,39.0,18.0,46.0,32.0,135.0
10:52:11,42.0,18.0,44.0,33.0,137.0
10:52:12,41.0,19.0,45.0,31.0,136.0
10:52:13,43.0,18.0,44.0,33.0,138.0
10:52:14,42.0,17.0,43.0,34.0,136.0
10:52:15,42.0,17.0,43.0,34.0,136.0
10:52:16,41.0,17.0,42.0,35.0,135.0
10:52:17,42.0,16.0,40.0,35.0,133.0
10:52:18,44.0,16.0,40.0,36.0,136.0
10:52:19,46.0,17.0,38.0,37.0,138.0
10:52:20,46.0,17.0,39.0,37.0,139.0
10:52:21,46.0,17.0,39.0,38.0,140.0
10:52:22,47.0,17.0,39.0,38.0,141.0
10:52:23,46.0,17.0,38.0,38.0,139.0
10:52:24,48.0,17.0,39.0,37.0,141.0
10:52:25,48.0,16.0,40.0,37.0,141.0
10:52:26,47.0,17.0,41.0,34.0,139.0
10:52:27,49.0,17.0,39.0,34.0,139.0
10:52:28,47.0,17.0,38.0,35.0,137.0
10:52:29,46.0,17.0,39.0,36.0,138.0
10:52:30,48.0,17.0,37.0,38.0,140.0
10:52:31,48.0,17.0,39.0,39.0,143.0
10:52:32,48.0,18.0,38.0,39.0,143.0
10:52:33,48.0,19.0,38.0,39.0,144.0
10:52:34,46.0,22.0,38.0,40.0,146.0
10:52:35,46.0,22.0,38.0,40.0,146.0
10:52:36,46.0,25.0,38.0,39.0,148.0
10:52:37,47.0,26.0,36.0,39.0,148.0
10:52:38,47.0,26.0,35.0,39.0,147.0
10:52:39,45.0,26.0,36.0,39.0,146.0
10:52:40,43.0,26.0,36.0,39.0,144.0
10:52:41,45.0,29.0,37.0,36.0,147.0
10:52:42,45.0,30.0,37.0,35.0,147.0
10:52:43,44.0,31.0,37.0,36.0,148.0
10:52:44,45.0,32.0,38.0,37.0,152.0
10:52:45,45.0,32.0,38.0,36.0,151.0
10:52:46,44.0,33.0,37.0,40.0,154.0
10:52:47,44.0,34.0,39.0,40.0,157.0
10:52:48,44.0,37.0,37.0,39.0,157.0
10:52:49,44.0,40.0,36.0,35.0,155.0
10:52:50,44.0,40.0,33.0,35.0,152.0
10:52:51,44.0,41.0,33.0,35.0,153.0
10:52:52,43.0,41.0,30.0,37.0,151.0
10:52:53,43.0,42.0,30.0,34.0,149.0
10:52:54,43.0,41.0,29.0,34.0,147.0
10:52:55,44.0,40.0,27.0,34.0,145.0
10:52:56,43.0,43.0,29.0,34.0,149.0
10:52:57,41.0,43.0,28.0,35.0,147.0
10:52:58,41.0,44.0,28.0,35.0,148.0
10:52:59,40.0,45.0,28.0,35.0,148.0
10:53:00,39.0,46.0,28.0,35.0,148.0
10:53:01,37.0,48.0,27.0,37.0,149.0
10:53:02,38.0,51.0,27.0,34.0,150.0
10:53:03,39.0,54.0,27.0,31.0,151.0
10:53:04,38.0,55.0,26.0,30.0,149.0
10:53:05,38.0,56.0,27.0,30.0,151.0
10:53:06,39.0,56.0,27.0,31.0,153.0
10:53:07,40.0,56.0,27.0,32.0,155.0
10:53:08,40.0,58.0,27.0,30.0,155.0
10:53:09,38.0,59.0,27.0,28.0,152.0
10:53:10,38.0,58.0,28.0,30.0,154.0
10:53:11,37.0,60.0,28.0,28.0,153.0
10:53:12,36.0,60.0,28.0,28.0,152.0
10:53:13,36.0,61.0,27.0,29.0,153.0
10:53:14,36.0,61.0,27.0,29.0,153.0
10:53:15,37.0,61.0,27.0,29.0,154.0
10:53:16,37.0,61.0,27.0,29.0,154.0
10:53:17,39.0,61.0,26.0,29.0,155.0
10:53:18,39.0,62.0,25.0,28.0,154.0
10:53:19,39.0,63.0,26.0,28.0,156.0
10:53:20,38.0,62.0,25.0,29.0,154.0
10:53:21,37.0,62.0,25.0,30.0,154.0
10:53:22,37.0,64.0,26.0,29.0,156.0
10:53:23,37.0,64.0,26.0,29.0,156.0
10:53:24,37.0,64.0,27.0,29.0,157.0
10:53:25,38.0,65.0,28.0,29.0,160.0
10:53:26,38.0,64.0,30.0,29.0,161.0
10:53:27,40.0,64.0,32.0,28.0,164.0
10:53:28,39.0,65.0,32.0,29.0,165.0
10:53:29,40.0,65.0,32.0,29.0,166.0
10:53:30,40.0,66.0,30.0,30.0,166.0
10:53:31,42.0,66.0,31.0,30.0,169.0
10:53:32,41.0,67.0,33.0,29.0,170.0
10:53:33,43.0,67.0,29.0,32.0,171.0
10:53:34,43.0,68.0,30.0,31.0,172.0
10:53:35,45.0,69.0,28.0,32.0,174.0
10:53:36,45.0,69.0,29.0,31.0,174.0
10:53:37,45.0,68.0,29.0,30.0,172.0
10:53:38,45.0,65.0,29.0,30.0,169.0
10:53:39,45.0,65.0,30.0,30.0,170.0
10:53:40,42.0,67.0,31.0,28.0,168.0
10:53:41,40.0,70.0,29.0,28.0,167.0
10:53:42,39.0,72.0,30.0,25.0,166.0
10:53:43,40.0,72.0,27.0,27.0,166.0
10:53:44,38.0,72.0,28.0,27.0,165.0
10:53:45,38.0,74.0,29.0,26.0,167.0
10:53:46,39.0,74.0,31.0,26.0,170.0
10:53:47,40.0,72.0,29.0,27.0,168.0
10:53:48,39.0,71.0,30.0,27.0,167.0
10:53:49,39.0,70.0,30.0,27.0,166.0
10:53:50,39.0,75.0,28.0,27.0,169.0
10:53:51,41.0,74.0,28.0,27.0,170.0
10:53:52,42.0,74.0,26.0,29.0,171.0
10:53:53,42.0,71.0,26.0,29.0,168.0
10:53:54,43.0,71.0,26.0,28.0,168.0
10:53:55,41.0,69.0,29.0,28.0,167.0
10:53:56,40.0,69.0,27.0,30.0,166.0
10:53:57,41.0,70.0,29.0,31.0,171.0
10:53:58,42.0,69.0,28.0,32.0,171.0
10:53:59,41.0,69.0,26.0,35.0,171.0
10:54:00,40.0,72.0,24.0,37.0,173.0
10:54:01,40.0,72.0,26.0,37.0,175.0
10:54:02,38.0,74.0,27.0,37.0,176.0
10:54:03,35.0,77.0,28.0,37.0,177.0
10:54:04,35.0,77.0,28.0,38.0,178.0
10:54:05,34.0,78.0,30.0,37.0,179.0
10:54:06,34.0,76.0,30.0,37.0,177.0
10:54:07,33.0,78.0,29.0,35.0,175.0
10:54:08,31.0,80.0,28.0,35.0,174.0
10:54:09,30.0,80.0,28.0,37.0,175.0
10:54:10,31.0,80.0,28.0,35.0,174.0
10:54:11,31.0,80.0,24.0,37.0,172.0
10:54:12,31.0,82.0,23.0,36.0,172.0
10:54:13,31.0,83.0,24.0,36.0,174.0
10:54:14,33.0,83.0,24.0,37.0,177.0
10:54:15,33.0,86.0,24.0,35.0,178.0
10:54:16,32.0,83.0,23.0,36.0,174.0
10:54:17,30.0,86.0,25.0,33.0,174.0
10:54:18,32.0,88.0,28.0,31.0,179.0
10:54:19,32.0,89.0,27.0,32.0,180.0
10:54:20,32.0,89.0,28.0,30.0,179.0
10:54:21,32.0,90.0,27.0,30.0,179.0
10:54:22,33.0,92.0,28.0,30.0,183.0
10:54:23,34.0,93.0,28.0,27.0,182.0
10:54:24,34.0,95.0,25.0,28.0,182.0
10:54:25,32.0,95.0,24.0,30.0,181.0
10:54:26,32.0,97.0,27.0,28.0,184.0
10:54:27,33.0,97.0,28.0,28.0,186.0
10:54:28,32.0,99.0,29.0,28.0,188.0
10:54:29,32.0,98.0,30.0,28.0,188.0
10:54:30,31.0,98.0,32.0,29.0,190.0
10:54:31,30.0,100.0,31.0,31.0,192.0
10:54:32,31.0,101.0,32.0,29.0,193.0
10:54:33,30.0,101.0,32.0,30.0,193.0
10:54:34,31.0,100.0,30.0,33.0,194.0
10:54:35,29.0,101.0,29.0,33.0,192.0
10:54:36,29.0,102.0,27.0,34.0,192.0
10:54:37,29.0,104.0,26.0,33.0,192.0
10:54:38,28.0,106.0,24.0,36.0,194.0
10:54:39,29.0,106.0,25.0,38.0,198.0
10:54:40,29.0,106.0,25.0,37.0,197.0
10:54:41,27.0,108.0,25.0,36.0,196.0
10:54:42,28.0,106.0,22.0,38.0,194.0
10:54:43,31.0,106.0,21.0,38.0,196.0
10:54:44,30.0,104.0,23.0,38.0,195.0
10:54:45,30.0,105.0,23.0,38.0,196.0
10:54:46,31.0,110.0,23.0,34.0,198.0
10:54:47,30.0,111.0,23.0,34.0,198.0
10:54:48,31.0,112.0,24.0,32.0,199.0
10:54:49,34.0,113.0,22.0,32.0,201.0
10:54:50,32.0,112.0,21.0,33.0,198.0
10:54:51,32.0,111.0,23.0,33.0,199.0
10:54:52,32.0,111.0,21.0,36.0,200.0
10:54:53,31.0,114.0,21.0,35.0,201.0
10:54:54,32.0,114.0,21.0,34.0,201.0
10:54:55,30.0,113.0,23.0,32.0,198.0
10:54:56,30.0,113.0,23.0,33.0,199.0
10:54:57,30.0,114.0,24.0,30.0,198.0
10:54:58,29.0,113.0,23.0,30.0,195.0
10:54:59,27.0,115.0,25.0,30.0,197.0
10:55:00,28.0,115.0,27.0,29.0,199.0
10:55:01,28.0,115.0,27.0,28.0,198.0
10:55:02,29.0,116.0,26.0,28.0,199.0
10:55:03,29.0,118.0,26.0,27.0,200.0
10:55:04,30.0,118.0,28.0,28.0,204.0
10:55:05,29.0,118.0,27.0,29.0,203.0
10:55:06,28.0,118.0,26.0,31.0,203.0
10:55:07,29.0,119.0,27.0,31.0,206.0
10:55:08,29.0,118.0,26.0,34.0,207.0
10:55:09,30.0,118.0,26.0,34.0,208.0
10:55:10,32.0,117.0,26.0,35.0,210.0
10:55:11,31.0,115.0,28.0,35.0,209.0
10:55:12,31.0,114.0,28.0,36.0,209.0
10:55:13,31.0,115.0,27.0,36.0,209.0
10:55:14,32.0,113.0,25.0,38.0,208.0
10:55:15,32.0,111.0,26.0,38.0,207.0
10:55:16,32.0,111.0,24.0,37.0,204.0
10:55:17,32.0,111.0,24.0,37.0,204.0
10:55:18,33.0,111.0,24.0,37.0,205.0
10:55:19,32.0,112.0,23.0,37.0,204.0
10:55:20,32.0,111.0,26.0,35.0,204.0
10:55:21,32.0,111.0,30.0,37.0,210.0
10:55:22,30.0,114.0,33.0,35.0,212.0
10:55:23,32.0,112.0,33.0,36.0,213.0
10:55:24,30.0,112.0,32.0,39.0,213.0
10:55:25,32.0,114.0,31.0,39.0,216.0
10:55:26,31.0,116.0,33.0,39.0,219.0
10:55:27,30.0,116.0,34.0,40.0,220.0
10:55:28,30.0,121.0,32.0,37.0,220.0
10:55:29,32.0,122.0,33.0,36.0,223.0
10:55:30,33.0,121.0,34.0,39.0,227.0
10:55:31,33.0,120.0,33.0,38.0,224.0
10:55:32,34.0,119.0,32.0,38.0,223.0
10:55:33,33.0,117.0,30.0,39.0,219.0
10:55:34,35.0,116.0,29.0,40.0,220.0
10:55:35,34.0,115.0,30.0,42.0,221.0
10:55:36,35.0,113.0,29.0,43.0,220.0
10:55:37,36.0,111.0,28.0,42.0,217.0
10:55:38,36.0,110.0,28.0,41.0,215.0
10:55:39,36.0,112.0,28.0,42.0,218.0
10:55:40,35.0,108.0,30.0,44.0,217.0
10:55:41,34.0,108.0,28.0,44.0,214.0
10:55:42,30.0,114.0,29.0,40.0,213.0
10:55:43,29.0,115.0,28.0,39.0,211.0
10:55:44,29.0,115.0,27.0,40.0,211.0
10:55:45,27.0,115.0,27.0,38.0,207.0
10:55:46,27.0,116.0,29.0,38.0,210.0
10:55:47,28.0,118.0,26.0,38.0,210.0
10:55:48,28.0,118.0,26.0,37.0,209.0
10:55:49,28.0,117.0,28.0,36.0,209.0
10:55:50,28.0,116.0,28.0,35.0,207.0
10:55:51,28.0,117.0,26.0,36.0,207.0
10:55:52,27.0,117.0,27.0,35.0,206.0
10:55:53,27.0,118.0,29.0,33.0,207.0
10:55:54,26.0,117.0,29.0,34.0,206.0
10:55:55,28.0,118.0,32.0,33.0,211.0
10:55:56,28.0,118.0,32.0,33.0,211.0
10:55:57,26.0,118.0,31.0,33.0,208.0
10:55:58,26.0,117.0,30.0,35.0,208.0
10:55:59,26.0,117.0,31.0,34.0,208.0
10:56:00,24.0,120.0,33.0,32.0,209.0
10:56:01,24.0,119.0,33.0,33.0,209.0
10:56:02,24.0,119.0,34.0,35.0,212.0
10:56:03,24.0,117.0,36.0,35.0,212.0
10:56:04,25.0,120.0,35.0,34.0,214.0
10:56:05,26.0,119.0,34.0,36.0,215.0
10:56:06,27.0,119.0,34.0,37.0,217.0
10:56:07,28.0,119.0,32.0,40.0,219.0
10:56:08,28.0,120.0,31.0,38.0,217.0
10:56:09,28.0,120.0,31.0,37.0,216.0
10:56:10,28.0,122.0,31.0,36.0,217.0
10:56:11,29.0,121.0,34.0,37.0,221.0
10:56:12,30.0,120.0,30.0,41.0,221.0
10:56:13,28.0,123.0,28.0,39.0,218.0
10:56:14,27.0,123.0,28.0,36.0,214.0
10:56:15,28.0,122.0,28.0,36.0,214.0
10:56:16,28.0,120.0,29.0,38.0,215.0
10:56:17,28.0,119.0,29.0,39.0,215.0
10:56:18,26.0,121.0,29.0,38.0,214.0
10:56:19,25.0,122.0,27.0,41.0,215.0
10:56:20,26.0,122.0,26.0,43.0,217.0
10:56:21,27.0,122.0,25.0,45.0,219.0
10:56:22,28.0,123.0,26.0,44.0,221.0
10:56:23,26.0,126.0,30.0,42.0,224.0
10:56:24,27.0,128.0,29.0,39.0,223.0
10:56:25,28.0,128.0,27.0,38.0,221.0
10:56:26,29.0,130.0,27.0,37.0,223.0
10:56:27,27.0,129.0,27.0,37.0,220.0
10:56:28,26.0,130.0,29.0,36.0,221.0
10:56:29,26.0,128.0,31.0,37.0,222.0
10:56:30,25.0,130.0,31.0,38.0,224.0
10:56:31,23.0,131.0,32.0,38.0,224.0
10:56:32,23.0,130.0,30.0,41.0,224.0
10:56:33,24.0,133.0,28.0,43.0,228.0
10:56:34,25.0,133.0,31.0,42.0,231.0
10:56:35,25.0,133.0,28.0,43.0,229.0
10:56:36,25.0,134.0,27.0,45.0,231.0
10:56:37,26.0,134.0,27.0,45.0,232.0
10:56:38,24.0,136.0,28.0,42.0,230.0
10:56:39,24.0,135.0,28.0,42.0,229.0
10:56:40,25.0,133.0,28.0,43.0,229.0
10:56:41,28.0,129.0,28.0,44.0,229.0
10:56:42,30.0,128.0,26.0,44.0,228.0
10:56:43,30.0,127.0,26.0,42.0,225.0
10:56:44,32.0,126.0,26.0,43.0,227.0
10:56:45,30.0,128.0,26.0,41.0,225.0
10:56:46,30.0,128.0,26.0,39.0,223.0
10:56:47,29.0,127.0,28.0,37.0,221.0
10:56:48,30.0,127.0,24.0,40.0,221.0
10:56:49,29.0,130.0,24.0,38.0,221.0
10:56:50,28.0,130.0,24.0,37.0,219.0
10:56:51,29.0,128.0,25.0,38.0,220.0
10:56:52,30.0,128.0,27.0,37.0,222.0
10:56:53,29.0,129.0,30.0,36.0,224.0
10:56:54,28.0,131.0,29.0,35.0,223.0
10:56:55,28.0,132.0,29.0,35.0,224.0
10:56:56,25.0,133.0,30.0,36.0,224.0
10:56:57,26.0,133.0,31.0,37.0,227.0
10:56:58,25.0,134.0,29.0,38.0,226.0
10:56:59,26.0,134.0,30.0,36.0,226.0
10:57:00,26.0,133.0,31.0,38.0,228.0
10:57:01,22.0,137.0,30.0,39.0,228.0
10:57:02,22.0,138.0,29.0,39.0,228.0
10:57:03,23.0,137.0,29.0,41.0,230.0
10:57:04,21.0,140.0,30.0,39.0,230.0
10:57:05,21.0,142.0,30.0,38.0,231.0
10:57:06,22.0,141.0,31.0,40.0,234.0
10:57:07,23.0,141.0,33.0,39.0,236.0
10:57:08,24.0,145.0,32.0,38.0,239.0
10:57:09,24.0,144.0,32.0,38.0,238.0
10:57:10,26.0,142.0,32.0,37.0,237.0
10:57:11,27.0,143.0,31.0,36.0,237.0
10:57:12,27.0,141.0,31.0,35.0,234.0
10:57:13,25.0,142.0,32.0,34.0,233.0
10:57:14,25.0,142.0,32.0,34.0,233.0
10:57:15,24.0,144.0,32.0,33.0,233.0
10:57:16,25.0,145.0,30.0,32.0,232.0
10:57:17,25.0,147.0,29.0,32.0,233.0
10:57:18,30.0,147.0,26.0,32.0,235.0
10:57:19,30.0,146.0,28.0,32.0,236.0
10:57:20,29.0,145.0,29.0,32.0,235.0
10:57:21,29.0,141.0,28.0,33.0,231.0
10:57:22,26.0,145.0,29.0,31.0,231.0
10:57:23,26.0,145.0,28.0,31.0,230.0
10:57:24,26.0,144.0,28.0,31.0,229.0
10:57:25,26.0,143.0,28.0,31.0,228.0
10:57:26,26.0,143.0,29.0,30.0,228.0
10:57:27,26.0,143.0,27.0,30.0,226.0
10:57:28,26.0,144.0,27.0,28.0,225.0
10:57:29,25.0,142.0,28.0,28.0,223.0
10:57:30,26.0,141.0,28.0,28.0,223.0
10:57:31,26.0,138.0,29.0,29.0,222.0
10:57:32,28.0,137.0,29.0,29.0,223.0
10:57:33,28.0,137.0,30.0,29.0,224.0
10:57:34,28.0,137.0,31.0,26.0,222.0
10:57:35,28.0,135.0,32.0,25.0,220.0
10:57:36,28.0,133.0,32.0,22.0,215.0
10:57:37,28.0,132.0,33.0,22.0,215.0
10:57:38,27.0,131.0,35.0,23.0,216.0
10:57:39,27.0,131.0,36.0,23.0,217.0
10:57:40,29.0,130.0,35.0,23.0,217.0
10:57:41,30.0,128.0,34.0,24.0,216.0
10:57:42,30.0,127.0,36.0,23.0,216.0
10:57:43,28.0,124.0,40.0,23.0,215.0
10:57:44,27.0,123.0,40.0,23.0,213.0
10:57:45,25.0,123.0,40.0,22.0,210.0
10:57:46,24.0,123.0,40.0,22.0,209.0
10:57:47,23.0,123.0,39.0,23.0,208.0
10:57:48,23.0,122.0,38.0,23.0,206.0
10:57:49,24.0,121.0,38.0,23.0,206.0
10:57:50,24.0,121.0,37.0,24.0,206.0
10:57:51,24.0,119.0,37.0,25.0,205.0
10:57:52,24.0,118.0,38.0,25.0,205.0
10:57:53,24.0,117.0,38.0,26.0,205.0
10:57:54,23.0,116.0,36.0,26.0,201.0
10:57:55,24.0,115.0,37.0,25.0,201.0
10:57:56,24.0,113.0,36.0,25.0,198.0
10:57:57,24.0,112.0,34.0,25.0,195.0
10:57:58,24.0,112.0,33.0,27.0,196.0
10:57:59,26.0,109.0,30.0,27.0,192.0
10:58:00,26.0,108.0,31.0,28.0,193.0
10:58:01,26.0,108.0,32.0,27.0,193.0
10:58:02,26.0,108.0,33.0,26.0,193.0
10:58:03,26.0,105.0,33.0,25.0,189.0
10:58:04,26.0,102.0,31.0,25.0,184.0
10:58:05,25.0,101.0,30.0,23.0,179.0
10:58:06,24.0,101.0,30.0,23.0,178.0
10:58:07,24.0,101.0,29.0,23.0,177.0
10:58:08,25.0,100.0,29.0,24.0,178.0
10:58:09,25.0,98.0,29.0,24.0,176.0
10:58:10,27.0,97.0,30.0,22.0,176.0
10:58:11,26.0,96.0,32.0,21.0,175.0
10:58:12,26.0,95.0,32.0,20.0,173.0
10:58:13,27.0,94.0,32.0,21.0,174.0
10:58:14,26.0,93.0,31.0,22.0,172.0
10:58:15,25.0,93.0,29.0,22.0,169.0
10:58:16,25.0,93.0,27.0,23.0,168.0
10:58:17,27.0,90.0,27.0,23.0,167.0
10:58:18,27.0,90.0,26.0,22.0,165.0
10:58:19,27.0,88.0,24.0,22.0,161.0
10:58:20,26.0,87.0,24.0,22.0,159.0
10:58:21,25.0,87.0,25.0,22.0,159.0
10:58:22,24.0,86.0,25.0,22.0,157.0
10:58:23,23.0,85.0,24.0,21.0,153.0
10:58:24,22.0,84.0,24.0,22.0,152.0
10:58:25,22.0,83.0,22.0,23.0,150.0
10:58:26,23.0,83.0,20.0,23.0,149.0
10:58:27,23.0,82.0,20.0,24.0,149.0
10:58:28,24.0,80.0,19.0,23.0,146.0
10:58:29,23.0,79.0,20.0,24.0,146.0
10:58:30,23.0,77.0,20.0,24.0,144.0
10:58:31,22.0,77.0,20.0,25.0,144.0
10:58:32,22.0,77.0,21.0,24.0,144.0
10:58:33,23.0,76.0,22.0,23.0,144.0
10:58:34,23.0,75.0,22.0,22.0,142.0
10:58:35,23.0,75.0,22.0,21.0,141.0
10:58:36,23.0,75.0,22.0,21.0,141.0
10:58:37,23.0,74.0,21.0,21.0,139.0
10:58:38,24.0,74.0,20.0,21.0,139.0
10:58:39,23.0,73.0,20.0,21.0,137.0
10:58:40,22.0,73.0,19.0,22.0,136.0
10:58:41,22.0,73.0,19.0,22.0,136.0
10:58:42,21.0,73.0,22.0,22.0,138.0
10:58:43,21.0,71.0,21.0,22.0,135.0
10:58:44,21.0,70.0,22.0,22.0,135.0
10:58:45,21.0,69.0,22.0,23.0,135.0
10:58:46,23.0,67.0,23.0,23.0,136.0
10:58:47,22.0,67.0,23.0,23.0,135.0
10:58:48,21.0,67.0,25.0,23.0,136.0
10:58:49,20.0,65.0,27.0,22.0,134.0
10:58:50,20.0,65.0,27.0,20.0,132.0
10:58:51,19.0,65.0,28.0,21.0,133.0
10:58:52,19.0,63.0,28.0,21.0,131.0
10:58:53,18.0,62.0,29.0,22.0,131.0
10:58:54,19.0,61.0,28.0,24.0,132.0
10:58:55,18.0,61.0,28.0,24.0,131.0
10:58:56,18.0,60.0,27.0,26.0,131.0
10:58:57,20.0,59.0,26.0,25.0,130.0
10:58:58,19.0,59.0,27.0,25.0,130.0
10:58:59,18.0,58.0,27.0,25.0,128.0
10:59:00,18.0,57.0,25.0,27.0,127.0
10:59:01,18.0,57.0,24.0,27.0,126.0
10:59:02,18.0,57.0,23.0,28.0,126.0
10:59:03,18.0,56.0,23.0,29.0,126.0
10:59:04,18.0,55.0,23.0,29.0,125.0
10:59:05,18.0,53.0,25.0,29.0,125.0
10:59:06,18.0,53.0,25.0,29.0,125.0
10:59:07,18.0,52.0,24.0,29.0,123.0
10:59:08,18.0,52.0,24.0,28.0,122.0
10:59:09,19.0,53.0,27.0,27.0,126.0
10:59:10,20.0,53.0,28.0,26.0,127.0
10:59:11,20.0,53.0,29.0,27.0,129.0
10:59:12,20.0,51.0,30.0,27.0,128.0
10:59:13,22.0,51.0,30.0,27.0,130.0
10:59:14,24.0,51.0,27.0,27.0,129.0
10:59:15,24.0,49.0,26.0,26.0,125.0
10:59:16,24.0,49.0,26.0,27.0,126.0
10:59:17,24.0,47.0,27.0,27.0,125.0
10:59:18,23.0,46.0,27.0,26.0,122.0
10:59:19,23.0,45.0,27.0,26.0,121.0
10:59:20,23.0,45.0,25.0,27.0,120.0
10:59:21,21.0,45.0,25.0,28.0,119.0
10:59:22,22.0,45.0,24.0,27.0,118.0
10:59:23,22.0,44.0,27.0,27.0,120.0
10:59:24,22.0,44.0,27.0,28.0,121.0
10:59:25,22.0,44.0,25.0,29.0,120.0
10:59:26,22.0,42.0,25.0,29.0,118.0
10:59:27,22.0,42.0,25.0,29.0,118.0
10:59:28,22.0,41.0,25.0,30.0,118.0
10:59:29,22.0,41.0,26.0,31.0,120.0
10:59:30,23.0,41.0,26.0,31.0,121.0
10:59:31,23.0,41.0,26.0,31.0,121.0
10:59:32,24.0,42.0,25.0,31.0,122.0
10:59:33,24.0,41.0,24.0,32.0,121.0
10:59:34,24.0,41.0,24.0,31.0,120.0
10:59:35,22.0,40.0,26.0,31.0,119.0
10:59:36,23.0,40.0,26.0,32.0,121.0
10:59:37,23.0,37.0,27.0,31.0,118.0
10:59:38,23.0,36.0,26.0,31.0,116.0
10:59:39,22.0,37.0,26.0,31.0,116.0
10:59:40,21.0,37.0,27.0,31.0,116.0
10:59:41,21.0,38.0,27.0,31.0,117.0
10:59:42,21.0,36.0,26.0,31.0,114.0
10:59:43,21.0,35.0,25.0,32.0,113.0
10:59:44,21.0,35.0,27.0,32.0,115.0
10:59:45,23.0,34.0,24.0,31.0,112.0
10:59:46,23.0,34.0,24.0,31.0,112.0
10:59:47,23.0,34.0,24.0,31.0,112.0
10:59:48,23.0,33.0,25.0,30.0,111.0
10:59:49,22.0,33.0,27.0,30.0,112.0
10:59:50,22.0,33.0,26.0,31.0,112.0
10:59:51,22.0,32.0,25.0,33.0,112.0
10:59:52,21.0,32.0,25.0,34.0,112.0
10:59:53,20.0,31.0,26.0,34.0,111.0
10:59:54,21.0,31.0,24.0,35.0,111.0
10:59:55,22.0,31.0,24.0,33.0,110.0
10:59:56,22.0,31.0,25.0,32.0,110.0
10:59:57,23.0,31.0,25.0,33.0,112.0
10:59:58,22.0,31.0,26.0,34.0,113.0
10:59:59,22.0,31.0,28.0,34.0,115.0
